,Source Account,Text,Date,Compound Score,Positive Score,Neutral Score,Negative Score
0,BBC,"üòÇüôä Who has a filthier mouth, Jennifer Lawrence or James McAvoy? https://t.co/lOfGcHVo6R",2018-03-06 19:30:06+00:00,0.0,0.0,1.0,0.0
1,BBC,"A diver swims through a thick soup of plastic waste near Bali.
https://t.co/W8GJNKq8rm",2018-03-06 18:30:07+00:00,-0.4215,0.0,0.781,0.219
2,BBC,"Every day around the UK, an army of unpaid volunteers put their lives on the line to try and save complete stranger‚Ä¶ https://t.co/W3Fel1iPSK",2018-03-06 18:03:04+00:00,0.4939,0.127,0.873,0.0
3,BBC,"Impressive and terrifying in equal measure. 

This woman doesn't just sleepwalk... she sleep-drives too. https://t.co/Ovwb4dNaYJ",2018-03-06 17:30:07+00:00,-0.1027,0.165,0.65,0.185
4,BBC,RT @bbcwritersroom: New #Brexit #comedy Soft Border Patrol is set on the border between #NorthernIreland and the Republic of #Ireland. We p‚Ä¶,2018-03-06 17:25:44+00:00,0.0,0.0,1.0,0.0
5,BBC,üêß Scientists have stumbled across a huge group of previously unknown Ad√©lie penguins on the most northerly point of‚Ä¶ https://t.co/3GQ8PlQyMY,2018-03-06 17:02:04+00:00,0.3182,0.119,0.881,0.0
6,BBC,"Too many Lego bricks is a problem many parents will sympathise with, but now the toy firm itself has admitted it ha‚Ä¶ https://t.co/4J0whItWAN",2018-03-06 15:30:10+00:00,-0.0644,0.068,0.853,0.079
7,BBC,RT @bbccomedy: Nothing says welcome to the neighbourhood quite like everyone's favourite busybody üòÇ#TwoDoorsDown https://t.co/dClRm13dm9,2018-03-06 14:44:33+00:00,0.6997,0.308,0.692,0.0
8,BBC,"üçª Cheers to that! 

Pubs will be allowed to stay open later than usual to give everyone a chance to celebrate Princ‚Ä¶ https://t.co/K7toUnOwSG",2018-03-06 14:30:05+00:00,0.8439,0.336,0.664,0.0
9,BBC,"Tickets, food wrappers and posters provide a fascinating insight into the creativity of North Korea, and the image‚Ä¶ https://t.co/oe4tZwlBJw",2018-03-06 13:48:06+00:00,0.7269,0.276,0.724,0.0
10,BBC,"RT @bbcthree: No you can't cure depression with meditation, kale or by simply cheering up. https://t.co/gsM8lRX6N2",2018-03-06 13:12:33+00:00,0.6246,0.293,0.605,0.102
11,BBC,RT @BBCScotlandNews: A giant three-dimensional concrete map of Scotland is to be officially unveiled next month in the Borders https://t.co‚Ä¶,2018-03-06 13:11:26+00:00,0.0,0.0,1.0,0.0
12,BBC,"üëü‚ôªÔ∏è British designer Anna Bullus is on a mission to recycle chewing gum into useful objects, cleaning up our street‚Ä¶ https://t.co/WbBeJSXXqF",2018-03-06 13:10:12+00:00,0.4404,0.132,0.868,0.0
13,BBC,What happened to the beautiful Opal Reef that was one of the stars of David Attenborough's #BluePlanet2? https://t.co/RMNYfrBbdK,2018-03-06 12:30:05+00:00,0.5994,0.187,0.813,0.0
14,BBC,"RT @BBCSportWales: We could watch this all day! 

Welcome to the wonderful world of football analogies - starring @SwansOfficial manager Ca‚Ä¶",2018-03-06 10:18:16+00:00,0.7901,0.28,0.72,0.0
15,BBC,üêí‚ù§Ô∏è This baby chimp is being flown to a new home in DR Congo after it was rescued from poachers. https://t.co/rUZzDVLBt8,2018-03-06 09:00:05+00:00,0.4215,0.128,0.872,0.0
16,BBC,üíçüôÖ Crippling costs and parents' split-ups could be to blame for the declining number of marriages between men and w‚Ä¶ https://t.co/avVWNgx3jH,2018-03-06 08:30:10+00:00,-0.2732,0.057,0.837,0.106
17,BBC,"We've all heard thunder before, but what does lightning sound like? ‚ö°Ô∏èü§îhttps://t.co/3BGKK7iukQ",2018-03-06 08:03:02+00:00,0.5023,0.228,0.772,0.0
18,BBC,üòÇ Who actually watched the #Oscars? https://t.co/opThFzy37n,2018-03-05 19:30:07+00:00,0.0,0.0,1.0,0.0
19,BBC,"No meat. No fish. No eggs. No milk. No cheese. How hard is it to go vegan for a month? 

ü•¶ü•ëüçè Nesta McGregor investi‚Ä¶ https://t.co/1UBRGqIOp6",2018-03-05 18:38:04+00:00,-0.8555,0.0,0.592,0.408
20,BBC,"üòÇüôä Who has a filthier mouth, Jennifer Lawrence or James McAvoy? https://t.co/lOfGcHVo6R",2018-03-06 19:30:06+00:00,0.0,0.0,1.0,0.0
21,BBC,"A diver swims through a thick soup of plastic waste near Bali.
https://t.co/W8GJNKq8rm",2018-03-06 18:30:07+00:00,-0.4215,0.0,0.781,0.219
22,BBC,"Every day around the UK, an army of unpaid volunteers put their lives on the line to try and save complete stranger‚Ä¶ https://t.co/W3Fel1iPSK",2018-03-06 18:03:04+00:00,0.4939,0.127,0.873,0.0
23,BBC,"Impressive and terrifying in equal measure. 

This woman doesn't just sleepwalk... she sleep-drives too. https://t.co/Ovwb4dNaYJ",2018-03-06 17:30:07+00:00,-0.1027,0.165,0.65,0.185
24,BBC,RT @bbcwritersroom: New #Brexit #comedy Soft Border Patrol is set on the border between #NorthernIreland and the Republic of #Ireland. We p‚Ä¶,2018-03-06 17:25:44+00:00,0.0,0.0,1.0,0.0
25,BBC,üêß Scientists have stumbled across a huge group of previously unknown Ad√©lie penguins on the most northerly point of‚Ä¶ https://t.co/3GQ8PlQyMY,2018-03-06 17:02:04+00:00,0.3182,0.119,0.881,0.0
26,BBC,"Too many Lego bricks is a problem many parents will sympathise with, but now the toy firm itself has admitted it ha‚Ä¶ https://t.co/4J0whItWAN",2018-03-06 15:30:10+00:00,-0.0644,0.068,0.853,0.079
27,BBC,RT @bbccomedy: Nothing says welcome to the neighbourhood quite like everyone's favourite busybody üòÇ#TwoDoorsDown https://t.co/dClRm13dm9,2018-03-06 14:44:33+00:00,0.6997,0.308,0.692,0.0
28,BBC,"üçª Cheers to that! 

Pubs will be allowed to stay open later than usual to give everyone a chance to celebrate Princ‚Ä¶ https://t.co/K7toUnOwSG",2018-03-06 14:30:05+00:00,0.8439,0.336,0.664,0.0
29,BBC,"Tickets, food wrappers and posters provide a fascinating insight into the creativity of North Korea, and the image‚Ä¶ https://t.co/oe4tZwlBJw",2018-03-06 13:48:06+00:00,0.7269,0.276,0.724,0.0
30,BBC,"RT @bbcthree: No you can't cure depression with meditation, kale or by simply cheering up. https://t.co/gsM8lRX6N2",2018-03-06 13:12:33+00:00,0.6246,0.293,0.605,0.102
31,BBC,RT @BBCScotlandNews: A giant three-dimensional concrete map of Scotland is to be officially unveiled next month in the Borders https://t.co‚Ä¶,2018-03-06 13:11:26+00:00,0.0,0.0,1.0,0.0
32,BBC,"üëü‚ôªÔ∏è British designer Anna Bullus is on a mission to recycle chewing gum into useful objects, cleaning up our street‚Ä¶ https://t.co/WbBeJSXXqF",2018-03-06 13:10:12+00:00,0.4404,0.132,0.868,0.0
33,BBC,What happened to the beautiful Opal Reef that was one of the stars of David Attenborough's #BluePlanet2? https://t.co/RMNYfrBbdK,2018-03-06 12:30:05+00:00,0.5994,0.187,0.813,0.0
34,BBC,"RT @BBCSportWales: We could watch this all day! 

Welcome to the wonderful world of football analogies - starring @SwansOfficial manager Ca‚Ä¶",2018-03-06 10:18:16+00:00,0.7901,0.28,0.72,0.0
35,BBC,üêí‚ù§Ô∏è This baby chimp is being flown to a new home in DR Congo after it was rescued from poachers. https://t.co/rUZzDVLBt8,2018-03-06 09:00:05+00:00,0.4215,0.128,0.872,0.0
36,BBC,üíçüôÖ Crippling costs and parents' split-ups could be to blame for the declining number of marriages between men and w‚Ä¶ https://t.co/avVWNgx3jH,2018-03-06 08:30:10+00:00,-0.2732,0.057,0.837,0.106
37,BBC,"We've all heard thunder before, but what does lightning sound like? ‚ö°Ô∏èü§îhttps://t.co/3BGKK7iukQ",2018-03-06 08:03:02+00:00,0.5023,0.228,0.772,0.0
38,BBC,üòÇ Who actually watched the #Oscars? https://t.co/opThFzy37n,2018-03-05 19:30:07+00:00,0.0,0.0,1.0,0.0
39,BBC,"No meat. No fish. No eggs. No milk. No cheese. How hard is it to go vegan for a month? 

ü•¶ü•ëüçè Nesta McGregor investi‚Ä¶ https://t.co/1UBRGqIOp6",2018-03-05 18:38:04+00:00,-0.8555,0.0,0.592,0.408
40,BBC,"Like father, like daughter.

üòÇüî• @GordonRamsay's daughter has already mastered the art of the roast. https://t.co/0dqwntX5uj",2018-03-05 17:23:22+00:00,0.6124,0.263,0.737,0.0
41,BBC,RT @BBCFOUR: The little mouse that inspired Pikachu is actually... a rabbit. https://t.co/mHCFFXczka,2018-03-05 17:15:34+00:00,0.4472,0.211,0.789,0.0
42,BBC,"""I made a promise to our six-year-old lead actress that I would sign this speech. My hands are shaking a little bit‚Ä¶ https://t.co/HgFpUtHDTB",2018-03-05 17:00:31+00:00,0.1531,0.105,0.818,0.077
43,BBC,"RT @BBCRadio4: As it's Hexagonal Phase approaches, a brief history of the Hitchhiker's Guide: https://t.co/Ehp9AfMyn8 #h2g2 https://t.co/9F‚Ä¶",2018-03-05 14:48:43+00:00,0.0,0.0,1.0,0.0
44,BBC,RT @BBCFOUR: How did Julius Caesar hide his bald patch? https://t.co/SME5Dfwifj,2018-03-05 14:43:13+00:00,-0.1779,0.0,0.855,0.145
45,BBC,"RT @BBC_Teach: Thursday is #InternationalWomensDay

Reflecting on The Representation of the People Act with your class? @gemcairn traces th‚Ä¶",2018-03-05 14:42:36+00:00,0.0,0.0,1.0,0.0
46,BBC,"RT @bbc5live: When you almost (accidentally) kill @Harry_Styles on the set of Dunkirk‚Ä¶ üò≥

 #Oscars https://t.co/G127l5yPkY",2018-03-05 14:11:28+00:00,-0.6621,0.0,0.76,0.24
47,BBC,"RT @cbbc: Which football clubs charge the most for their pies? Take the imPIErative quiz here ‚öΩÔ∏èüç¥ üëâ https://t.co/xlSch4HVvl

#BritishPieWee‚Ä¶",2018-03-05 14:07:00+00:00,0.0,0.0,1.0,0.0
48,BBC,"üê∂üíõ Little Ivor the Staffordshire puppy is deaf, but since learning sign language his life has changed for the bette‚Ä¶ https://t.co/vL83oBTAIL",2018-03-05 13:17:03+00:00,0.0,0.0,1.0,0.0
49,BBC,RT @BBCFood: #MeatFreeMonday + #BritishPieWeek = Lancashire cheese and onion pie üôå ü•ßüßÄ https://t.co/07cH2MESmI https://t.co/G79WTJJnKr,2018-03-05 13:07:19+00:00,0.0,0.0,1.0,0.0
50,BBC,"What is the best way to cope with adult acne? @BBCWomansHour asked dermatologist @DrAnjaliMahto to find out... 
üìªüëâ‚Ä¶ https://t.co/DxHxgWTslT",2018-03-05 12:34:04+00:00,0.6369,0.189,0.811,0.0
51,BBC,"RT @bbcgetinspired: It was a feat some doctors said was impossible. Then Roger Bannister came along.

The first man to run a four-minute mi‚Ä¶",2018-03-05 12:33:12+00:00,0.0,0.0,1.0,0.0
52,BBC,"üêãüèä What an experience!  
This is what it's like to go swimming with whales... 
#AmazingHotels https://t.co/ji90J6Olsj",2018-03-05 11:54:02+00:00,0.4199,0.157,0.843,0.0
53,BBC,"‚ù§Ô∏è Just adorable. 
How would you react if your daughter won an Oscar? 
#TheSilentChild #Oscars https://t.co/ienD3dDtKX",2018-03-05 11:37:55+00:00,0.7845,0.33,0.67,0.0
54,BBC,"This year's #Oscars have been handed out at the 90th annual Academy Awards in Hollywood. Find out who won, and who‚Ä¶ https://t.co/ZxfsMpDVwd",2018-03-05 11:00:11+00:00,0.7717,0.251,0.749,0.0
55,BBC,"RT @BBCCornwall: It's #StPiransDay - so cheers to everyone! #GoolPeranLowen üåÆ

Bit of fun .. complete this sentence ""You know you're #Corni‚Ä¶",2018-03-05 10:42:57+00:00,0.8384,0.345,0.655,0.0
56,BBC,"RT @BBC6Music: ü•ü Gool Peran Lowen / Happy #StPiransDay to all of our 
‚Äòansom Cornish listeners. 

To celebrate Gwenno is in session for @la‚Ä¶",2018-03-05 10:42:50+00:00,0.8126,0.27,0.73,0.0
57,BBC,"RT @BBCRD: Available now! üì≤ Download the #Civilisations Augmented Reality app @BBCTaster to explore classic art, objects, and artefacts fro‚Ä¶",2018-03-05 10:09:20+00:00,0.0,0.0,1.0,0.0
58,BBC,RT @BBCRadio2: What'sthe first leg of @ZoeTheBall's epic Sport Relief challenge? üö≤ She updates @achrisevans on #HardestRoadHome @sportrelie‚Ä¶,2018-03-05 09:58:23+00:00,0.5267,0.227,0.773,0.0
59,BBC,üé≠üé¨#Oscars outfits designed to dazzle - all the red carpet glamour from the 90th Academy Awards in pictures‚Ä¶ https://t.co/iMBBXl75k0,2018-03-05 09:30:07+00:00,0.7506,0.286,0.714,0.0
60,BBC,üòç A rare pure-white stoat! https://t.co/VoR9jXJmk4,2018-03-05 09:00:05+00:00,0.0,0.0,1.0,0.0
61,BBC,"Many personality traits can be observed but there are other hidden forces that shape who we are.
üëâ‚Ä¶ https://t.co/aTsldl7s1z",2018-03-05 08:30:04+00:00,0.0,0.0,1.0,0.0
62,BBC,"üêùüçØ How honey is collected.
#AmazingHotels https://t.co/UIJKlsamx5",2018-03-05 08:00:04+00:00,0.0,0.0,1.0,0.0
63,BBC,RT @BBCNewsbeat: Miss Piggy has some strong feelings about this year's #Oscars selection üôàüòÇ https://t.co/vzHGz8PtmD,2018-03-04 20:11:35+00:00,0.4019,0.184,0.726,0.089
64,BBC,Sloths have survived for more than 60 million years - what makes them so successful?  https://t.co/H4BAA5kAOL,2018-03-04 19:00:05+00:00,0.8468,0.386,0.614,0.0
65,BBC,RT @BBCWorld: Watch this baby chimp being flown to a new home in DR Congo after it was rescued from poachers üêí‚ù§Ô∏è https://t.co/mZfGI8h6Gc,2018-03-04 18:59:39+00:00,0.4215,0.118,0.882,0.0
66,BBC,"üé¨üèÜ So you've got the critical acclaim, you've got the industry buzz, you might even have a Golden Globe in your dow‚Ä¶ https://t.co/WdGFOHrFMZ",2018-03-04 18:00:09+00:00,-0.3182,0.0,0.901,0.099
67,BBC,"RT @BBCWorld: What can we expect from the 90th Academy Awards? A lot has changed since last year. 

Here are eight reasons why the 2018 #Os‚Ä¶",2018-03-04 16:57:46+00:00,0.4588,0.111,0.889,0.0
68,BBC,"‚ù§Ô∏è After her double mastectomy, this woman found a unique way of learning to love her new breasts.
üëâ‚Ä¶ https://t.co/KAxQxkQEow",2018-03-04 16:30:12+00:00,0.6369,0.189,0.811,0.0
69,BBC,"He was almost a professional footballer! üòÆ

11 surprising things we learned from Matt Smith's Desert Island Discs:‚Ä¶ https://t.co/TMfwinexEB",2018-03-04 15:30:29+00:00,0.3382,0.13,0.87,0.0
70,BBC,üç´ Meet the teenage chocolatier joining the ranks of Scotland's growing chocolate sector. https://t.co/FeIVc3FeZC,2018-03-04 15:00:06+00:00,0.1779,0.124,0.876,0.0
71,BBC,"Two landscape artists begin a romance whilst working at Versailles. ‚ù§Ô∏èÔ∏èüå∑üé¨

A Little Chaos | @BBCiPlayer |‚Ä¶ https://t.co/szKKosJ2K2",2018-03-04 14:03:03+00:00,0.0498,0.18,0.65,0.17
72,BBC,"RT @BBCSportWales: Can't get enough of this.

Welcome to the wonderful world of football analogies - starring @SwansOfficial manager Carlos‚Ä¶",2018-03-04 13:46:48+00:00,0.802,0.298,0.702,0.0
73,BBC,"üçøüéû From #IsleOfDogs to #TombRaider, here are 9 films worth heading to the movies for in March. 
üëâ‚Ä¶ https://t.co/y1xGGocMuA",2018-03-04 13:30:06+00:00,0.2263,0.101,0.899,0.0
74,BBC,"RT @BBCWomansHour: üëÄüé• @LadyBirdMovie's up for FIVE #Oscars this weekend üôå @Saoirse_Ronan talks to us about the film's appeal, her real-life‚Ä¶",2018-03-04 12:57:19+00:00,0.0,0.0,1.0,0.0
75,BBC,"RT @BBCSport: There are for four gold medals up for grabs at the Track Cycling World Championships today. üôå

Watch the GB squad in action i‚Ä¶",2018-03-04 12:56:49+00:00,0.4939,0.118,0.882,0.0
76,BBC,"RT @BBCSport: After the shocking news of Davide Astori's death, all Serie A fixtures today have been called off.

üëâ https://t.co/rmqcHfLPUX‚Ä¶",2018-03-04 12:56:15+00:00,-0.765,0.0,0.72,0.28
77,BBC,"RT @BBC6Music: üé¨ Let's settle this, what's the greatest ever movie soundtrack or score?

This Sunday from 6-8pm #NP6Music is warming up for‚Ä¶",2018-03-04 12:55:43+00:00,0.7003,0.225,0.775,0.0
78,BBC,üé¨ An aspiring writer decides to focus on the story of Mississippi's black maids - much to the consternation of her‚Ä¶ https://t.co/bDLqgAXBfk,2018-03-04 12:33:04+00:00,0.0,0.0,1.0,0.0
79,BBC,"Feeding time! üç¥ü¶à
#AmazingHotels https://t.co/SnOXnczSAF",2018-03-04 12:00:07+00:00,0.0,0.0,1.0,0.0
80,BBC,"RT @BBCEarth: In some parts of the ocean, it‚Äôs estimated that there are over half a million pieces of plastic for every square kilometre
#B‚Ä¶",2018-03-04 11:54:09+00:00,0.0,0.0,1.0,0.0
81,BBC,Sir Roger Bannister: First man to run a mile in under four minutes dies at 88. https://t.co/CpLdZchwqi https://t.co/l7ujJ3kHE6,2018-03-04 11:34:05+00:00,0.0,0.0,1.0,0.0
82,BBC,‚ù§Ô∏èüëè Two-year-old Daisy is a little litter-picking hero. https://t.co/EiYuQkQUlU,2018-03-04 11:00:02+00:00,0.5141,0.322,0.678,0.0
83,BBC,Would you be able to resist this perfect layer of snow? üòÇ‚ùÑÔ∏èüå®https://t.co/36rTZveWl5,2018-03-04 10:33:01+00:00,0.657,0.285,0.715,0.0
84,BBC,"üç≥ü•ì Before you fry up your full English this morning, did you know just 1.5 sausages could reduce your lifespan by 3‚Ä¶ https://t.co/TXZAcIZKVH",2018-03-04 09:30:03+00:00,0.0,0.0,1.0,0.0
85,BBC,"RT @BBCRadio4: üéß Looking for a new podcast?
üìª Loads of great ideas right here...
https://t.co/DJbWsiWc2D",2018-03-03 21:21:40+00:00,0.6249,0.255,0.745,0.0
86,BBC,RT @bbcthree: Your regular reminder that Louis Theroux is a national treasure. https://t.co/vxTqbCttuQ,2018-03-03 19:36:06+00:00,0.296,0.167,0.833,0.0
87,BBC,üéßüòé Some people just don't want to stop raving. https://t.co/agXVmmgVKZ,2018-03-03 19:00:05+00:00,0.1695,0.17,0.72,0.11
88,BBC,"""You can‚Äôt dress it up. I said: ‚ÄòMummy‚Äôs died‚Äô""

üíî Sky Sports anchor @SimonThomasSky, who lost his wife to cancer o‚Ä¶ https://t.co/63Q2Wb37oX",2018-03-03 18:00:16+00:00,-0.7717,0.0,0.729,0.271
89,BBC,"RT @BBCWorld: Come on Eileen. üëèüëèüëè

https://t.co/KLrG8nMMJl",2018-03-03 17:58:00+00:00,0.0,0.0,1.0,0.0
90,BBC,RT @BBCFood: CHOCOLATE CAKE KLAXON üì£ https://t.co/u1wNGs8Vtm https://t.co/UOi707IOaG,2018-03-03 17:57:56+00:00,0.0,0.0,1.0,0.0
91,BBC,"RT @BBCBreaking: One person suffers ""self-inflicted gun shot wound"" outside the White House, US Secret Service says https://t.co/Bv5sB11BSC",2018-03-03 17:46:46+00:00,-0.6705,0.0,0.744,0.256
92,BBC,‚ù§Ô∏è A mum's tribute to her son Tristan who has Asperger's syndrome. https://t.co/LTZ02FX24V,2018-03-03 17:00:03+00:00,0.0,0.0,1.0,0.0
93,BBC,"üíÄ Less than one-10th of 1% of all species that have ever lived became fossils. 

But from skipping a coffin to avoi‚Ä¶ https://t.co/20s85EmMhJ",2018-03-03 16:00:08+00:00,0.0,0.0,1.0,0.0
94,BBC,"RT @bbcpress: üìª üìñ @IanMcKellen, @francesbarber13 and Simon Russell Beale star in a new adaptation of #ParadiseLost @BBCRadio4 - https://t.c‚Ä¶",2018-03-03 15:26:56+00:00,0.0,0.0,1.0,0.0
95,BBC,RT @BBCFOUR: One of the most inspiring stories in human history. Masters of the Pacific Coast: The Tribes of the American Northwest. Tonigh‚Ä¶,2018-03-03 15:26:39+00:00,0.4754,0.123,0.877,0.0
96,BBC,RT @BBC100women: For a film to pass the Bechdel Test it needs to feature two women üë≠ talking to each other üó£Ô∏è about something other than a‚Ä¶,2018-03-03 15:07:50+00:00,0.0,0.0,1.0,0.0
97,BBC,RT @bbcweather: Some parts of the UK have seen freezing rain in the last 24 hours - a beautiful but dangerous weather phenomenon. https://t‚Ä¶,2018-03-03 15:07:40+00:00,-0.4404,0.091,0.709,0.2
98,BBC,'There is no such thing as cheap seafood because it comes at a price we can't ever repay.' https://t.co/8tCZay8iOz,2018-03-03 15:00:07+00:00,-0.296,0.0,0.885,0.115
99,BBC,"Zig-A-Zig Whaaaaa?
How scary is your knowledge of the Spice Girls? 
üëâ https://t.co/JZAjDNrldQ https://t.co/FXy5nVK7nj",2018-03-03 13:30:04+00:00,-0.5514,0.0,0.771,0.229
100,CBS,"Meet the ensemble of talented actors slated to join $1, a new mystery series coming to CBS All Access:‚Ä¶ https://t.co/QoyYv7vxwg",2018-03-06 18:10:59+00:00,0.6705,0.244,0.756,0.0
101,CBS,"Will @Jason_Aldean, @garthbrooks, @LukeBryanOnline, @ChrisStapleton, or @KeithUrban be named Entertainer Of The Yea‚Ä¶ https://t.co/rMD8zjeX3s",2018-03-05 22:16:43+00:00,0.3818,0.167,0.833,0.0
102,CBS,"RT @thegoodfight: It feels good to be back. üë†üíÑüî• The season 2 premiere of #TheGoodFight is now streaming, exclusively on CBS All Access: htt‚Ä¶",2018-03-04 08:05:26+00:00,0.4404,0.116,0.884,0.0
103,CBS,"RT @thegoodfight: Tomorrow, #TheGoodFight is back. Stream the season 2 premiere only on CBS All Access: https://t.co/tNFR8LBJO2 https://t.c‚Ä¶",2018-03-03 20:55:20+00:00,0.0,0.0,1.0,0.0
104,CBS,"Who are the trailblazing women in your life that inspire you? Join CBS and the ANA's #SeeHer initiative, celebratin‚Ä¶ https://t.co/M0KqZ41Bes",2018-03-02 22:30:01+00:00,0.7096,0.247,0.753,0.0
105,CBS,"Join @maria_bello, @aishatyler and @TeaLeoni in celebrating the accomplishments of women who have contributed to th‚Ä¶ https://t.co/MefESBeFL3",2018-03-02 20:30:01+00:00,0.7096,0.282,0.718,0.0
106,CBS,"In honor of Women's History Month, CBS and the Association of National Advertisers' (ANA) #SeeHer initiative will p‚Ä¶ https://t.co/2wtYxKJVuO",2018-03-02 18:45:00+00:00,0.4939,0.151,0.849,0.0
107,CBS,RT @ZoeListerJones: Tonight‚Äôs an all new Life In Pieces and it‚Äôs directed by my ride or die @nataliaanderson!!!‚Ä¶ https://t.co/2LPfmyLWrY,2018-03-01 18:59:01+00:00,-0.6981,0.0,0.79,0.21
108,CBS,"RT @MarenMorris: Hot damn! Woke up from my post-wisdom teeth haze to find out I‚Äôm up for 4 @ACMawards ! So honored, especially for the Dear‚Ä¶",2018-03-01 18:12:57+00:00,0.4547,0.159,0.749,0.092
109,CBS,RT @KelseaBallerini: Ohhhhh goodness. Incredible. Thank you thank you thank you. #female https://t.co/1ZTYjNfQeF,2018-03-01 18:11:50+00:00,0.8591,0.538,0.462,0.0
110,CBS,RT @KeithUrban: ACMs...... HOLY SMOKES!!!!! MAD LOVE TO U ALL THIS MORNING  FOR THESE INCREDIBLE NOMINATIONS. I‚ÄôM EXTREMELY GRATEFUL!!!!!!!‚Ä¶,2018-03-01 18:10:50+00:00,0.4885,0.234,0.615,0.151
111,CBS,"RT @ACMawards: Congratulations to this year‚Äôs #ACMawards Video of the Year nominees:
‚ÄúBlack‚Äù - @DierksBentley
‚ÄúIt Ain‚Äôt My Fault‚Äù - @Brothe‚Ä¶",2018-03-01 14:36:21+00:00,0.5994,0.178,0.822,0.0
112,CBS,"RT @ACMawards: Please give a round of applause to this year‚Äôs #ACMawards Entertainer of the Year nominees: @Jason_Aldean, @GarthBrooks, @Lu‚Ä¶",2018-03-01 14:29:20+00:00,0.7717,0.325,0.675,0.0
113,CBS,".@ChrisStapleton, @ThomasRhett, @mirandalambert and more are all nominated for awards at Country Music's Party of t‚Ä¶ https://t.co/Vm1vXRUDYJ",2018-03-01 14:15:29+00:00,0.6908,0.275,0.725,0.0
114,CBS,"The Queen of Country, @Reba, is returning to host the 53rd #ACMawards on Sunday, April 15 at 8/7c. Here are a few o‚Ä¶ https://t.co/Iqzz6Gql01",2018-03-01 13:50:11+00:00,0.0,0.0,1.0,0.0
115,CBS,RT @survivorcbs: It‚Äôs time! #Survivor https://t.co/YPk6cGWrUA,2018-03-01 01:04:52+00:00,0.0,0.0,1.0,0.0
116,CBS,"RT @CBSThisMorning: TOMORROW: The nominees for the 2018 @ACMawards will be announced live by the one-and-only, @Reba! 

Watch on @CBS in ou‚Ä¶",2018-02-28 19:56:58+00:00,0.0,0.0,1.0,0.0
117,CBS,"RT @thegoodfight: From the set design and costumes to hair and makeup, the production quality is truly next-level. Take a peek inside the u‚Ä¶",2018-02-28 19:08:30+00:00,0.4404,0.116,0.884,0.0
118,CBS,RT @LivinBiblically: The fun continues on Facebook! The #LivingBiblically cast is live to talk about tonight‚Äôs premiere. Tune in here: http‚Ä¶,2018-02-27 03:23:47+00:00,0.5562,0.152,0.848,0.0
119,CBS,"RT @KevinCanWaitCBS: Can you get all the way through these #KevinCanWait bloopers without laughing?! @KevinJames,@LeahRemini and the rest o‚Ä¶",2018-02-26 22:50:32+00:00,0.0,0.0,1.0,0.0
120,CBS,"Meet the ensemble of talented actors slated to join $1, a new mystery series coming to CBS All Access:‚Ä¶ https://t.co/QoyYv7vxwg",2018-03-06 18:10:59+00:00,0.6705,0.244,0.756,0.0
121,CBS,"Will @Jason_Aldean, @garthbrooks, @LukeBryanOnline, @ChrisStapleton, or @KeithUrban be named Entertainer Of The Yea‚Ä¶ https://t.co/rMD8zjeX3s",2018-03-05 22:16:43+00:00,0.3818,0.167,0.833,0.0
122,CBS,"RT @thegoodfight: It feels good to be back. üë†üíÑüî• The season 2 premiere of #TheGoodFight is now streaming, exclusively on CBS All Access: htt‚Ä¶",2018-03-04 08:05:26+00:00,0.4404,0.116,0.884,0.0
123,CBS,"RT @thegoodfight: Tomorrow, #TheGoodFight is back. Stream the season 2 premiere only on CBS All Access: https://t.co/tNFR8LBJO2 https://t.c‚Ä¶",2018-03-03 20:55:20+00:00,0.0,0.0,1.0,0.0
124,CBS,"Who are the trailblazing women in your life that inspire you? Join CBS and the ANA's #SeeHer initiative, celebratin‚Ä¶ https://t.co/M0KqZ41Bes",2018-03-02 22:30:01+00:00,0.7096,0.247,0.753,0.0
125,CBS,"Join @maria_bello, @aishatyler and @TeaLeoni in celebrating the accomplishments of women who have contributed to th‚Ä¶ https://t.co/MefESBeFL3",2018-03-02 20:30:01+00:00,0.7096,0.282,0.718,0.0
126,CBS,"In honor of Women's History Month, CBS and the Association of National Advertisers' (ANA) #SeeHer initiative will p‚Ä¶ https://t.co/2wtYxKJVuO",2018-03-02 18:45:00+00:00,0.4939,0.151,0.849,0.0
127,CBS,RT @ZoeListerJones: Tonight‚Äôs an all new Life In Pieces and it‚Äôs directed by my ride or die @nataliaanderson!!!‚Ä¶ https://t.co/2LPfmyLWrY,2018-03-01 18:59:01+00:00,-0.6981,0.0,0.79,0.21
128,CBS,"RT @MarenMorris: Hot damn! Woke up from my post-wisdom teeth haze to find out I‚Äôm up for 4 @ACMawards ! So honored, especially for the Dear‚Ä¶",2018-03-01 18:12:57+00:00,0.4547,0.159,0.749,0.092
129,CBS,RT @KelseaBallerini: Ohhhhh goodness. Incredible. Thank you thank you thank you. #female https://t.co/1ZTYjNfQeF,2018-03-01 18:11:50+00:00,0.8591,0.538,0.462,0.0
130,CBS,RT @KeithUrban: ACMs...... HOLY SMOKES!!!!! MAD LOVE TO U ALL THIS MORNING  FOR THESE INCREDIBLE NOMINATIONS. I‚ÄôM EXTREMELY GRATEFUL!!!!!!!‚Ä¶,2018-03-01 18:10:50+00:00,0.4885,0.234,0.615,0.151
131,CBS,"RT @ACMawards: Congratulations to this year‚Äôs #ACMawards Video of the Year nominees:
‚ÄúBlack‚Äù - @DierksBentley
‚ÄúIt Ain‚Äôt My Fault‚Äù - @Brothe‚Ä¶",2018-03-01 14:36:21+00:00,0.5994,0.178,0.822,0.0
132,CBS,"RT @ACMawards: Please give a round of applause to this year‚Äôs #ACMawards Entertainer of the Year nominees: @Jason_Aldean, @GarthBrooks, @Lu‚Ä¶",2018-03-01 14:29:20+00:00,0.7717,0.325,0.675,0.0
133,CBS,".@ChrisStapleton, @ThomasRhett, @mirandalambert and more are all nominated for awards at Country Music's Party of t‚Ä¶ https://t.co/Vm1vXRUDYJ",2018-03-01 14:15:29+00:00,0.6908,0.275,0.725,0.0
134,CBS,"The Queen of Country, @Reba, is returning to host the 53rd #ACMawards on Sunday, April 15 at 8/7c. Here are a few o‚Ä¶ https://t.co/Iqzz6Gql01",2018-03-01 13:50:11+00:00,0.0,0.0,1.0,0.0
135,CBS,RT @survivorcbs: It‚Äôs time! #Survivor https://t.co/YPk6cGWrUA,2018-03-01 01:04:52+00:00,0.0,0.0,1.0,0.0
136,CBS,"RT @CBSThisMorning: TOMORROW: The nominees for the 2018 @ACMawards will be announced live by the one-and-only, @Reba! 

Watch on @CBS in ou‚Ä¶",2018-02-28 19:56:58+00:00,0.0,0.0,1.0,0.0
137,CBS,"RT @thegoodfight: From the set design and costumes to hair and makeup, the production quality is truly next-level. Take a peek inside the u‚Ä¶",2018-02-28 19:08:30+00:00,0.4404,0.116,0.884,0.0
138,CBS,RT @LivinBiblically: The fun continues on Facebook! The #LivingBiblically cast is live to talk about tonight‚Äôs premiere. Tune in here: http‚Ä¶,2018-02-27 03:23:47+00:00,0.5562,0.152,0.848,0.0
139,CBS,"RT @KevinCanWaitCBS: Can you get all the way through these #KevinCanWait bloopers without laughing?! @KevinJames,@LeahRemini and the rest o‚Ä¶",2018-02-26 22:50:32+00:00,0.0,0.0,1.0,0.0
140,CBS,"RT @ACMawards: That‚Äôs right! @Reba is headed to @CBSThisMorning on Thursday, March 1 to announce this year‚Äôs #ACMAwards' nominees. Tune in‚Ä¶",2018-02-26 21:08:30+00:00,0.0,0.0,1.0,0.0
141,CBS,"RT @ScorpionCBS: You can't hack your way to a 197 IQ, but you are well on your way with these Genius Facts from #TeamScorpion! üíª You can be‚Ä¶",2018-02-26 19:53:41+00:00,0.4482,0.105,0.895,0.0
142,CBS,RT @SuperiorDonuts: You can always count on @DavidKoechner for a laugh! Did your favorite Tush moment make the list? Catch a new #SuperiorD‚Ä¶,2018-02-26 18:32:36+00:00,0.784,0.266,0.734,0.0
143,CBS,RT @TheTalkCBS: TODAY: We loved them together then &amp; we love seeing them together now! Welcome back to the show @THESaraGilbert‚Äã's good fri‚Ä¶,2018-02-26 18:20:16+00:00,0.9359,0.429,0.571,0.0
144,CBS,"RT @thegoodfight: As foundations begin to crumble, our characters struggle to make sense of this new dystopian world. The cast teases what'‚Ä¶",2018-02-26 16:53:56+00:00,-0.5423,0.0,0.816,0.184
145,CBS,"#LivingBiblically's @linzkraft and @jrfergjr appeared on @KCBS's Facebook Live this morning, talking all about what‚Ä¶ https://t.co/4RebcHuuMQ",2018-02-26 16:52:01+00:00,0.0,0.0,1.0,0.0
146,CBS,"RT @CBSSports: Introducing CBS Sports HQ, a New 24/7 Direct-to-Consumer Streaming Network for Sports News, Highlights, &amp; Analysis.

Stream‚Ä¶",2018-02-26 16:17:55+00:00,0.0,0.0,1.0,0.0
147,CBS,"RT @CBSBigBrother: It‚Äôs down to the final 5 celebrity Houseguests, and anyone could take home the grand prize! Tune in NOW to watch the #BB‚Ä¶",2018-02-26 01:12:32+00:00,0.7644,0.231,0.769,0.0
148,CBS,RT @startrekcbs: Binge the entire first season of #StarTrekDiscovery. All episodes now streaming exclusively on CBS All Access: https://t.c‚Ä¶,2018-02-25 21:51:32+00:00,0.0,0.0,1.0,0.0
149,CBS,"RT @thegoodfight: #TheGoodFight returns in 1 week. Season 2 premieres Sunday, March 4. https://t.co/nomCao1GWp https://t.co/BOn6bOe9Tb",2018-02-25 21:51:22+00:00,0.0,0.0,1.0,0.0
150,CBS,RT @thegoodfight: This is our new favorite thing. Christine Baranski debuted #TheGoodFight the Musical on @colbertlateshow last night! üéµüé§‚Ä¶,2018-02-23 18:15:40+00:00,0.5093,0.155,0.845,0.0
151,CBS,"RT @LivinBiblically: Confession time: have YOU ever hit the ""close door"" button in an elevator while somebody was approaching? The cast of‚Ä¶",2018-02-22 19:26:52+00:00,0.0,0.0,1.0,0.0
152,CBS,RT @CBSEyeSpeak: Mark your calendars! #CBSEyeSpeak kicks off March 14 with The EYE Speak Summit. Follow our page for more details! https://‚Ä¶,2018-02-21 19:20:04+00:00,0.0,0.0,1.0,0.0
153,CBS,"RT @CBSEyeSpeak: Proud to announce a new CBS initiative, promoting female empowerment and developing the next generation of leaders through‚Ä¶",2018-02-21 18:19:25+00:00,0.6808,0.248,0.752,0.0
154,CBS,"RT @LivinBiblically: When you're living by the Bible, it's good to have a priest and a rabbi on call (provided they answer their phones, th‚Ä¶",2018-02-20 19:55:19+00:00,0.4404,0.116,0.884,0.0
155,CBS,"RT @thegoodfight: Chicago lawyers are being hunted and the world is going insane. 

The new season of #TheGoodFight premieres Sunday, March‚Ä¶",2018-02-20 17:58:18+00:00,-0.4019,0.0,0.881,0.119
156,CBS,Ready for some larger than life competition? This new series from @MarkBurnettTV will premiere in summer 2018.‚Ä¶ https://t.co/gDXHLdIJ5v,2018-02-20 17:39:51+00:00,0.3612,0.128,0.872,0.0
157,CBS,"With tournament dreams on the line, make sure to stream these college basketball matchups on CBS All Access:‚Ä¶ https://t.co/SGkYUZrQWB",2018-02-17 01:07:20+00:00,0.6124,0.227,0.773,0.0
158,CBS,"RT @LivinBiblically: While Chip's sticking to the Bible's original rules, the cast of #LivingBiblically has given them a more modern makeov‚Ä¶",2018-02-16 18:42:43+00:00,0.3182,0.108,0.892,0.0
159,CBS,"Casting News! Peter Mark Kendall, Michael Gaston, Greg Wise, Rade ≈†erbed≈æija, Zack Pearlman, and Keye Chen join the‚Ä¶ https://t.co/GFob2KrD8H",2018-02-16 17:48:20+00:00,0.68,0.248,0.752,0.0
160,CBS,RT @BullCBS: The verdict is in...#Bull is the perfect Valentine! ‚ù§Ô∏è Happy #ValentinesDay! https://t.co/poEejI4AnC,2018-02-14 19:23:27+00:00,0.8619,0.466,0.534,0.0
161,CBS,"RT @NoActivityCBS: Car 27 reporting: Season 2 of #NoActivity coming soon!

Binge season one now on CBS All Access: https://t.co/yvxoQMeyhN‚Ä¶",2018-02-13 20:03:56+00:00,0.0,0.0,1.0,0.0
162,CBS,"RT @LivinBiblically: Against all odds (and the advice of his God Squad), Chip is determined to live life by the Good Book. Think you could‚Ä¶",2018-02-13 18:54:52+00:00,0.7506,0.252,0.748,0.0
163,CBS,RT @thegoodfight: Christine Baranski reflects upon the spectacular metamorphosis of her character in #TheGoodFight's first season. Revisit‚Ä¶,2018-02-12 18:49:45+00:00,0.0,0.0,1.0,0.0
164,CBS,RT @startrekcbs: Binge the entire first season of #StarTrekDiscovery. All 15 episodes now streaming on CBS All Access: https://t.co/lKLaptP‚Ä¶,2018-02-12 01:32:33+00:00,0.0,0.0,1.0,0.0
165,CBS,RT @SuperiorDonuts: Looking for a #Valentine? Tush is here to help you land your dream date just in time for the day of love! #SuperiorDonu‚Ä¶,2018-02-09 00:50:01+00:00,0.8478,0.304,0.696,0.0
166,CBS,RT @CBSBigBrother: The pressure is on as the Houseguests battle each other for victory in the first HOH competition. Stream the season prem‚Ä¶,2018-02-08 16:09:35+00:00,-0.5859,0.0,0.814,0.186
167,CBS,"RT @startrekcbs: Sunday, this season's epic journey reaches its final reckoning. Catch up before the season finale: https://t.co/4Ea5wpmAep‚Ä¶",2018-02-07 18:35:19+00:00,0.0516,0.066,0.934,0.0
168,CBS,"Are you a sucker for jaw-dropping talent competitions? Announcing The World's Best, a first-of-its-kind new global‚Ä¶ https://t.co/fagCMklm2Z",2018-02-07 16:17:48+00:00,0.5574,0.312,0.536,0.152
169,CBS,"RT @BullCBS: Tonight, one of these 3 TAC employees will end up incarcerated. Who do you think it will be? Tune into a new episode of #Bull‚Ä¶",2018-02-06 22:21:39+00:00,0.0,0.0,1.0,0.0
170,CBS,"RT @thegoodfight: There's no season like lawyer season. #TheGoodFight returns March 4, exclusively on CBS All Access. https://t.co/XAlrg1nB‚Ä¶",2018-02-06 17:05:49+00:00,0.0772,0.121,0.773,0.106
171,CBS,"RT @thegoodfight: The acclaimed series returns in 1 month. #TheGoodFight is back Sunday, March 4. https://t.co/5BNLTYRd8p https://t.co/yInP‚Ä¶",2018-02-04 15:35:36+00:00,0.0,0.0,1.0,0.0
172,CBS,".@KeshaRose's emotional performance with @CyndiLauper, @AndraDayMusic, @BebeRexha and @Camila_Cabello brought the a‚Ä¶ https://t.co/qpgS2e9ir0",2018-02-04 12:00:01+00:00,0.1531,0.118,0.882,0.0
173,CBS,Broadway legend Patti LuPone paid tribute to Sir Andrew Lloyd Webber with a show-stopping rendition of the iconic s‚Ä¶ https://t.co/GxqLtUzhFP,2018-02-03 23:11:43+00:00,0.0,0.0,1.0,0.0
174,CBS,"Relive an entire night's worth of big wins, live performances and many more inspiring moments from The 60th Annual‚Ä¶ https://t.co/CH7mJ4Y3QT",2018-02-03 12:00:07+00:00,0.8268,0.338,0.662,0.0
175,CBS,RT @swatcbs: ‚ú®@TheTalkCBS' @TheRealEve and @ShemarMoore brought some serious heat to the GRAMMYs red carpet: https://t.co/WYTITKkLQd https:‚Ä¶,2018-02-02 22:36:13+00:00,-0.0772,0.0,0.925,0.075
176,CBS,"The all-star collaboration between @Rihanna, @DJKhaled and @brysontiller brought the party to the #GRAMMYs with a s‚Ä¶ https://t.co/jTv5QbtgUp",2018-02-02 20:07:40+00:00,0.4019,0.144,0.856,0.0
177,CBS,RT @TheTalkCBS: All the #redcarpet looks from the 60th annual #GRAMMYs! Did you catch @TheRealEve's sparkly two-piece suit? Diamond accents‚Ä¶,2018-02-02 19:03:33+00:00,0.4003,0.124,0.876,0.0
178,CBS,Go backstage with the celebs and see which stars celebrated the big night together! Here are the moments you missed‚Ä¶ https://t.co/rgQTXRQyLg,2018-02-02 17:23:18+00:00,0.6114,0.166,0.834,0.0
179,CBS,üé∂ @DearEvanHansen star Ben Platt gave a soaring performance of a classic Broadway hit. Watch him perform 'Somewhere‚Ä¶ https://t.co/HcuizFWo02,2018-02-01 22:04:41+00:00,0.0,0.0,1.0,0.0
180,CBS,"üé∏ @LittleBigTown, @U2, @BrunoMars and @Pink are just a few of the superstar performers that lit up the stage at The‚Ä¶ https://t.co/2v0MNYMItG",2018-02-01 20:09:49+00:00,0.0,0.0,1.0,0.0
181,CBS,"Don't miss country stars Emmylou Harris and @ChrisStapleton perform a moving rendition of @TomPetty's classic song,‚Ä¶ https://t.co/GxoIW97XIu",2018-01-31 21:42:15+00:00,0.1139,0.088,0.912,0.0
182,CBS,RT @survivorcbs: Get excited! üôå It‚Äôs finally time to meet the castaways of #Survivor: Ghost Island ‚ò† https://t.co/xQQ8ROhKbM https://t.co/P‚Ä¶,2018-01-31 17:05:47+00:00,0.1007,0.135,0.75,0.115
183,CBS,"Country stars @EricChurch, @BrothersOsborne and @MarenMorris performed a touching tribute dedicated to the victims‚Ä¶ https://t.co/YCIq9i70fd",2018-01-31 16:37:17+00:00,0.4588,0.188,0.812,0.0
184,CBS,Missed the Man vs. Beast #SuperBowlCommercials showdown? Catch up now to find out which entertaining ad was named t‚Ä¶ https://t.co/SlyO0n7yMX,2018-01-31 06:55:30+00:00,0.1779,0.126,0.779,0.095
185,CBS,"RT @rikimae: Ok, that one makes me cry #superbowlcommercials",2018-01-31 02:15:16+00:00,-0.2263,0.179,0.569,0.252
186,CBS,"If this doesn‚Äôt make you cry, nothing will. #SuperBowlCommercials https://t.co/UjFf3xr4so",2018-01-31 01:58:40+00:00,-0.4767,0.0,0.744,0.256
187,CBS,"RT @maverickkr: #superbowlcommercials the frogs were great, I'd forgotten about that one.",2018-01-31 01:52:46+00:00,0.4939,0.256,0.625,0.119
188,CBS,"If you haven't voted yet, it's not too late! Choose your favorite here: https://t.co/s4pEIF5IX8‚Ä¶ https://t.co/VCa1YHDyYy",2018-01-31 01:49:43+00:00,0.5093,0.19,0.81,0.0
189,CBS,RT @5691e44f3b66446: I am having so much fun ...the commercials are awesome #superbowlcommercials,2018-01-31 01:31:27+00:00,0.8261,0.434,0.566,0.0
190,CBS,RT @LittleShelbyMae: Love watching the #superbowlcommercials all the animal ones are my favorite!!,2018-01-31 01:29:10+00:00,0.8309,0.414,0.586,0.0
191,CBS,RT @PatHale915: Doritos time machine was great!   #superbowlcommercials,2018-01-31 01:24:16+00:00,0.6588,0.386,0.614,0.0
192,CBS,Never make a goat angry. #SuperBowlCommercials https://t.co/xRJssdAErk,2018-01-31 01:18:37+00:00,-0.5106,0.0,0.602,0.398
193,CBS,RT @MsLindsieStarr: That dang goat! #Doritos #superbowlcommercials,2018-01-31 01:17:37+00:00,0.0,0.0,1.0,0.0
194,CBS,Do you remember this Super Bowl commercial featuring @KevinHart4real playing an overprotective father?‚Ä¶ https://t.co/ejLnTEG5ug,2018-01-31 01:16:15+00:00,0.7525,0.349,0.651,0.0
195,CBS,RT @dRoy: Homework will take a break for now. #superbowlcommercials on cbs is on üëå,2018-01-31 01:08:01+00:00,0.0,0.0,1.0,0.0
196,CBS,RT @Mixxxalv: Watching #superbowlcommercials let the best win!,2018-01-31 01:04:34+00:00,0.8516,0.58,0.42,0.0
197,CBS,Super Bowl Greatest Commercials 2018 hosts @7BOOMERESIASON and @DanielaRuah are moments away from announcing the tw‚Ä¶ https://t.co/cKM1WXPc9u,2018-01-31 01:00:35+00:00,0.8442,0.351,0.649,0.0
198,CBS,It's Man vs. Beast as these classic Super Bowl spots face off tonight on Super Bowl Greatest Commercials 2018! Tune‚Ä¶ https://t.co/GcoSAcfeUd,2018-01-31 00:55:04+00:00,0.923,0.406,0.594,0.0
199,CBS,"Tonight, get a first look at #ChrisElliott starring in the new @AvosfromMexico Super Bowl Commercial on‚Ä¶ https://t.co/WMEjsZfgdg",2018-01-31 00:37:20+00:00,0.5994,0.206,0.794,0.0
200,CNN,"Over 1.3 million live animals and plants, and a similar number of animal skins, have been exported from Africa to A‚Ä¶ https://t.co/xrHyzDsyt4",2018-03-07 07:01:07+00:00,0.0772,0.061,0.939,0.0
201,CNN,Mississippi could be the first state with 15-week abortion ban https://t.co/K44D5iQJSa https://t.co/XYIwT6YDis,2018-03-07 06:45:12+00:00,-0.5574,0.0,0.753,0.247
202,CNN,"Cruz vs. O'Rourke is set, but 3 House races head to runoffs in Texas primary https://t.co/20SNN2YQmL https://t.co/b5qn7BgQXr",2018-03-07 06:41:49+00:00,0.0,0.0,1.0,0.0
203,CNN,Trump teeters on the edge of a familiar North Korean trap | Analysis by @StCollinson https://t.co/ODUETpLhes https://t.co/sbdYukPjB2,2018-03-07 06:39:42+00:00,-0.3182,0.0,0.859,0.141
204,CNN,The US government says it's sanctioning North Korea after deeming its government responsible for the murder of Kim‚Ä¶ https://t.co/dReKNZhIMa,2018-03-07 06:35:07+00:00,-0.5267,0.096,0.708,0.196
205,CNN,"Inspired by her travels, this artist paints stunning pictures on tea bags https://t.co/7ajfYCzNRi https://t.co/4Kg4vM1yKy",2018-03-07 06:31:07+00:00,0.7003,0.326,0.674,0.0
206,CNN,The Taliban banned women from being journalists in Afghanistan. Now the country has an all-female television networ‚Ä¶ https://t.co/tFriI2F1XB,2018-03-07 06:21:13+00:00,-0.4588,0.0,0.85,0.15
207,CNN,"The Trump administration has quietly said it will consider big game trophy imports on a ""case-by-case"" basis‚Ä¶ https://t.co/HBZBMkgmny",2018-03-07 06:01:03+00:00,0.0,0.0,1.0,0.0
208,CNN,"Britain's Boris Johnson says the UK would respond ""robustly"" if Russia is found to be behind the suspected poisonin‚Ä¶ https://t.co/AMIiaud1IO",2018-03-07 05:57:08+00:00,-0.2263,0.0,0.909,0.091
209,CNN,"Barbie unveils dolls based on real-life figures including Amelia Earhart, Frida Kahlo, Katherine Johnson and Chloe‚Ä¶ https://t.co/8XiANn14pu",2018-03-07 05:46:04+00:00,0.0,0.0,1.0,0.0
210,CNN,"From 1 apostle to 1.2 billion followers, witness the evolution of a global icon. #Pope premieres Sunday at 10p on C‚Ä¶ https://t.co/blZmEci910",2018-03-07 05:45:06+00:00,0.0,0.0,1.0,0.0
211,CNN,"""Dumpster fire"" is in the Merriam-Webster dictionary now, defined as ""an utterly calamitous or mismanaged situation‚Ä¶ https://t.co/KoaxexDN86",2018-03-07 05:31:06+00:00,-0.4588,0.0,0.789,0.211
212,CNN,The 2-year-old who was awestruck at a portrait of Michelle Obama got to meet the former first lady in person. What‚Ä¶ https://t.co/JwY737FbwZ,2018-03-07 05:27:37+00:00,0.0,0.0,1.0,0.0
213,CNN,"RT @CNNTonight: ""Hopefully, the portrait will continue to inspire other little ones just like Parker and hopefully our visit will inspire o‚Ä¶",2018-03-07 05:16:04+00:00,0.9069,0.407,0.593,0.0
214,CNN,"The powerful ""bomb cyclone"" that battered the Northeast over the weekend also uncovered the wreckage of a ship that‚Ä¶ https://t.co/SM1SAylVIp",2018-03-07 05:16:03+00:00,-0.1027,0.122,0.739,0.139
215,CNN,"RT @CNNTonight: Michelle Obama dances with Parker Curry, her littlest fan: ""It was a surreal moment"" https://t.co/RX8g81xyYq https://t.co/W‚Ä¶",2018-03-07 05:14:27+00:00,0.3182,0.126,0.874,0.0
216,CNN,Thousands of dead starfish have washed up on a beach in the United Kingdom https://t.co/h26b8NEhr7 https://t.co/nFPVX9BYPB,2018-03-07 05:01:57+00:00,-0.3612,0.139,0.647,0.214
217,CNN,Bill Cosby's defense team plans to use a civil settlement between the comedian and the woman accusing him of assaul‚Ä¶ https://t.co/xbqUDFVjSL,2018-03-07 04:51:07+00:00,0.34,0.18,0.746,0.075
218,CNN,11 tax deductions and other ways to cut your 2017 tax bill https://t.co/EbRmkjR9Tv https://t.co/oQ7Eqhx2W2,2018-03-07 04:46:05+00:00,-0.2732,0.0,0.861,0.139
219,CNN,Why House Speaker Paul Ryan can't (legally) stop a Trump trade war https://t.co/IWnpJqyc71 https://t.co/DsN58O4HDF,2018-03-07 04:38:04+00:00,-0.461,0.112,0.655,0.232
220,CNN,"Over 1.3 million live animals and plants, and a similar number of animal skins, have been exported from Africa to A‚Ä¶ https://t.co/xrHyzDsyt4",2018-03-07 07:01:07+00:00,0.0772,0.061,0.939,0.0
221,CNN,Mississippi could be the first state with 15-week abortion ban https://t.co/K44D5iQJSa https://t.co/XYIwT6YDis,2018-03-07 06:45:12+00:00,-0.5574,0.0,0.753,0.247
222,CNN,"Cruz vs. O'Rourke is set, but 3 House races head to runoffs in Texas primary https://t.co/20SNN2YQmL https://t.co/b5qn7BgQXr",2018-03-07 06:41:49+00:00,0.0,0.0,1.0,0.0
223,CNN,Trump teeters on the edge of a familiar North Korean trap | Analysis by @StCollinson https://t.co/ODUETpLhes https://t.co/sbdYukPjB2,2018-03-07 06:39:42+00:00,-0.3182,0.0,0.859,0.141
224,CNN,The US government says it's sanctioning North Korea after deeming its government responsible for the murder of Kim‚Ä¶ https://t.co/dReKNZhIMa,2018-03-07 06:35:07+00:00,-0.5267,0.096,0.708,0.196
225,CNN,"Inspired by her travels, this artist paints stunning pictures on tea bags https://t.co/7ajfYCzNRi https://t.co/4Kg4vM1yKy",2018-03-07 06:31:07+00:00,0.7003,0.326,0.674,0.0
226,CNN,The Taliban banned women from being journalists in Afghanistan. Now the country has an all-female television networ‚Ä¶ https://t.co/tFriI2F1XB,2018-03-07 06:21:13+00:00,-0.4588,0.0,0.85,0.15
227,CNN,"The Trump administration has quietly said it will consider big game trophy imports on a ""case-by-case"" basis‚Ä¶ https://t.co/HBZBMkgmny",2018-03-07 06:01:03+00:00,0.0,0.0,1.0,0.0
228,CNN,"Britain's Boris Johnson says the UK would respond ""robustly"" if Russia is found to be behind the suspected poisonin‚Ä¶ https://t.co/AMIiaud1IO",2018-03-07 05:57:08+00:00,-0.2263,0.0,0.909,0.091
229,CNN,"Barbie unveils dolls based on real-life figures including Amelia Earhart, Frida Kahlo, Katherine Johnson and Chloe‚Ä¶ https://t.co/8XiANn14pu",2018-03-07 05:46:04+00:00,0.0,0.0,1.0,0.0
230,CNN,"From 1 apostle to 1.2 billion followers, witness the evolution of a global icon. #Pope premieres Sunday at 10p on C‚Ä¶ https://t.co/blZmEci910",2018-03-07 05:45:06+00:00,0.0,0.0,1.0,0.0
231,CNN,"""Dumpster fire"" is in the Merriam-Webster dictionary now, defined as ""an utterly calamitous or mismanaged situation‚Ä¶ https://t.co/KoaxexDN86",2018-03-07 05:31:06+00:00,-0.4588,0.0,0.789,0.211
232,CNN,The 2-year-old who was awestruck at a portrait of Michelle Obama got to meet the former first lady in person. What‚Ä¶ https://t.co/JwY737FbwZ,2018-03-07 05:27:37+00:00,0.0,0.0,1.0,0.0
233,CNN,"RT @CNNTonight: ""Hopefully, the portrait will continue to inspire other little ones just like Parker and hopefully our visit will inspire o‚Ä¶",2018-03-07 05:16:04+00:00,0.9069,0.407,0.593,0.0
234,CNN,"The powerful ""bomb cyclone"" that battered the Northeast over the weekend also uncovered the wreckage of a ship that‚Ä¶ https://t.co/SM1SAylVIp",2018-03-07 05:16:03+00:00,-0.1027,0.122,0.739,0.139
235,CNN,"RT @CNNTonight: Michelle Obama dances with Parker Curry, her littlest fan: ""It was a surreal moment"" https://t.co/RX8g81xyYq https://t.co/W‚Ä¶",2018-03-07 05:14:27+00:00,0.3182,0.126,0.874,0.0
236,CNN,Thousands of dead starfish have washed up on a beach in the United Kingdom https://t.co/h26b8NEhr7 https://t.co/nFPVX9BYPB,2018-03-07 05:01:57+00:00,-0.3612,0.139,0.647,0.214
237,CNN,Bill Cosby's defense team plans to use a civil settlement between the comedian and the woman accusing him of assaul‚Ä¶ https://t.co/xbqUDFVjSL,2018-03-07 04:51:07+00:00,0.34,0.18,0.746,0.075
238,CNN,11 tax deductions and other ways to cut your 2017 tax bill https://t.co/EbRmkjR9Tv https://t.co/oQ7Eqhx2W2,2018-03-07 04:46:05+00:00,-0.2732,0.0,0.861,0.139
239,CNN,Why House Speaker Paul Ryan can't (legally) stop a Trump trade war https://t.co/IWnpJqyc71 https://t.co/DsN58O4HDF,2018-03-07 04:38:04+00:00,-0.461,0.112,0.655,0.232
240,CNN,"Jimmy Kimmel sent Guillermo to the Oscars red carpet again, and he didn't disappoint https://t.co/2CqXgIutkF https://t.co/mOXCODA3zf",2018-03-07 04:28:03+00:00,0.3089,0.131,0.869,0.0
241,CNN,This man's efforts to escape police went horribly wrong. He ditched his car but forgot to put it in park and was wi‚Ä¶ https://t.co/9dN0bYpbvm,2018-03-07 04:21:34+00:00,-0.4404,0.051,0.789,0.16
242,CNN,The biggest thing Trump gets wrong on trade https://t.co/aNL8pmJiYK via @CNNMoney https://t.co/YlX7RdR2GJ,2018-03-07 04:21:04+00:00,-0.4767,0.0,0.78,0.22
243,CNN,Vice President Mike Pence hits the campaign trail https://t.co/A0lKKMhiWo https://t.co/SwuemdrBjW,2018-03-07 04:16:05+00:00,0.0,0.0,1.0,0.0
244,CNN,"Need a medical procedure? Pick the right provider and get cash back under this plan, which aims to help rein in hea‚Ä¶ https://t.co/m24cFr7FDi",2018-03-07 04:07:07+00:00,0.4019,0.114,0.886,0.0
245,CNN,Sakura -- or cherry blossoms -- are one of the enduring symbols of Japan. Here are some great destinations to exper‚Ä¶ https://t.co/TUn3otXn4Z,2018-03-07 04:01:07+00:00,0.6249,0.163,0.837,0.0
246,CNN,"Sorry, Hollywood. Netflix rules the media world https://t.co/ti37URphpZ https://t.co/q8O8eS4hNp",2018-03-07 03:56:04+00:00,-0.0772,0.0,0.86,0.14
247,CNN,A state of emergency has been imposed in Sri Lanka for the first time since the civil war following days of communa‚Ä¶ https://t.co/7xPgAdUKkE,2018-03-07 03:53:35+00:00,-0.7783,0.0,0.709,0.291
248,CNN,Senate Democrats ask EPA Administrator Scott Pruitt for answers over a member of his security detail's business tie‚Ä¶ https://t.co/6ps6xYHdXX,2018-03-07 03:51:06+00:00,0.34,0.124,0.876,0.0
249,CNN,Saudi Arabia has announced plans to roll out a new visitor visa that will allow travelers (including women 25 and o‚Ä¶ https://t.co/tmS5Wk1cGR,2018-03-07 03:46:05+00:00,0.2263,0.087,0.913,0.0
250,CNN,Secretary of State Rex Tillerson emphasized the real and potential threats posed by extremist groups in sub-Saharan‚Ä¶ https://t.co/YQIpZja4KU,2018-03-07 03:43:04+00:00,-0.4215,0.0,0.859,0.141
251,CNN,Tired of winter? Cherry blossom season is on its way. Japan should start seeing these lovely flowers toward the end‚Ä¶ https://t.co/IvJG9Mif01,2018-03-07 03:40:22+00:00,0.2263,0.148,0.739,0.113
252,CNN,"""Sex and the City"" star Cynthia Nixon is reportedly gearing up to launch a progressive primary challenge to New Yor‚Ä¶ https://t.co/10ilMYkHT6",2018-03-07 03:40:16+00:00,0.0772,0.064,0.936,0.0
253,CNN,US Director of National Intelligence Dan Coats is grilled over President Trump's response to Russian election attac‚Ä¶ https://t.co/nnARrSzeOz,2018-03-07 03:39:03+00:00,0.4767,0.154,0.846,0.0
254,CNN,House Democrats raise concerns about an EPA employee allowed to be a media consultant https://t.co/33rHp6a231 https://t.co/5NHHV3ceyr,2018-03-07 03:36:05+00:00,0.0,0.0,1.0,0.0
255,CNN,"Momentum on overhauling the country's gun laws has practically stalled at the US Capitol, but the House will vote n‚Ä¶ https://t.co/hj1VrnVGOn",2018-03-07 03:33:13+00:00,-0.2732,0.0,0.86,0.14
256,CNN,"A judge sides with President Trump on DACA, but blasts the White House and Congress for inaction‚Ä¶ https://t.co/F2pWWKext6",2018-03-07 03:33:05+00:00,0.0,0.0,1.0,0.0
257,CNN,"A onetime symbol of integrity, Megan Barry made history as Nashville's first female mayor. But she stepped down aft‚Ä¶ https://t.co/TygcAvATfl",2018-03-07 03:31:09+00:00,0.3818,0.126,0.874,0.0
258,CNN,"Emergency room visits due to suspected opioid overdoses rose about 30% from July 2016 to September 2017, the CDC sa‚Ä¶ https://t.co/8oBtP5zQqq",2018-03-07 03:28:03+00:00,-0.5423,0.0,0.809,0.191
259,CNN,The full Nunberg? 4 presidential allies who went rogue | Analysis by CNN's Gregory Krieg https://t.co/aU0phh3MUi https://t.co/bDsMdtQ2ew,2018-03-07 03:26:05+00:00,0.0,0.0,1.0,0.0
260,CNN,"RT @AC360: Sen. Ron Wyden says Sam Nunberg wouldn't be his first choice for a witness at a public hearing: ""My first choice of a witness at‚Ä¶",2018-03-07 03:23:42+00:00,0.0,0.0,1.0,0.0
261,CNN,"Sen. Richard Blumenthal says the grand jury in the special counsel probe should ""be very interested"" in a 2016 meet‚Ä¶ https://t.co/CSwDUdja68",2018-03-07 03:21:03+00:00,0.8268,0.338,0.662,0.0
262,CNN,"Michelle Obama dances with Parker Curry, the little girl who was transfixed by a portrait of the former first lady‚Ä¶ https://t.co/k8C0ossKby",2018-03-07 03:16:09+00:00,0.0,0.0,1.0,0.0
263,CNN,White House aide Kellyanne Conway is the latest of President Trump's top employees to receive an official reprimand‚Ä¶ https://t.co/ss7aFDzz9f,2018-03-07 03:11:04+00:00,0.2023,0.091,0.909,0.0
264,CNN,"BlackBerry sues Facebook, along with its subsidiaries WhatsApp and Instagram, for infringing on its messaging paten‚Ä¶ https://t.co/jeamvu2Rc6",2018-03-07 03:01:05+00:00,0.0,0.0,1.0,0.0
265,CNN,"RT @AC360: Former CIA Director Michael Hayden says he doesn't think North Korean leader Kim Jong Un will give up his nuclear weapons, but ""‚Ä¶",2018-03-07 02:58:19+00:00,-0.2382,0.0,0.925,0.075
266,CNN,"""The way these tariffs were rolled out was simply terrible. It was not done properly and apparently took a lot of p‚Ä¶ https://t.co/ykEG30JZF5",2018-03-07 02:56:35+00:00,-0.4767,0.0,0.871,0.129
267,CNN,"""The House is very much in play,"" says Rep. Charlie Dent about midterm elections. ""We're in a pretty tough spot as‚Ä¶ https://t.co/FFxgKcl9dN",2018-03-07 02:53:30+00:00,0.4019,0.135,0.802,0.063
268,CNN,"Rep. Charlie Dent on Gary Cohn's resignation: ""There's been unusually high turnover (in the White House). ... I thi‚Ä¶ https://t.co/9HuQ65bsbU",2018-03-07 02:51:45+00:00,-0.296,0.0,0.891,0.109
269,CNN,"RT @AC360: ""He's quite an interesting character, kind of a behind-the-scenes guy who is known...here in the political circles"" @ShimonPro o‚Ä¶",2018-03-07 02:48:55+00:00,0.4549,0.136,0.864,0.0
270,CNN,Donald Trump is producing the greatest reality show ever | Analysis by @CillizzaCNN https://t.co/7KPurEFWGT https://t.co/QStWKYAO6C,2018-03-07 02:45:42+00:00,0.6369,0.244,0.756,0.0
271,CNN,"The Trump administration could impose new sanctions concerning Russian cyber meddling as early as next week, a seni‚Ä¶ https://t.co/xWuOBJyFBS",2018-03-07 02:39:03+00:00,-0.296,0.0,0.885,0.115
272,CNN,"JUST IN: The Justice Department files a suit against California over ""sanctuary city"" policies aimed at protecting‚Ä¶ https://t.co/TEDkzDtTzn",2018-03-07 02:34:08+00:00,0.5267,0.175,0.825,0.0
273,CNN,3 charts that explain why West Virginia's teachers went on strike https://t.co/GS1rE3rYQh https://t.co/04LQ9kRwCp,2018-03-07 02:32:52+00:00,-0.128,0.0,0.88,0.12
274,CNN,"President Trump plunges more than 200 spots to No. 766 on the Forbes Billionaires List, which Amazon CEO Jeff Bezos‚Ä¶ https://t.co/YKRD25EwDi",2018-03-07 02:31:03+00:00,-0.128,0.074,0.83,0.096
275,CNN,READ: Porn star Stormy Daniels' lawsuit against Donald Trump https://t.co/p0opxGdc3F,2018-03-07 02:16:34+00:00,-0.2263,0.0,0.826,0.174
276,CNN,"JUST IN: The porn star known as Stormy Daniels is suing President Trump, claiming that he never signed a hush agree‚Ä¶ https://t.co/BR8OgrEZCE",2018-03-07 02:13:45+00:00,-0.2732,0.0,0.905,0.095
277,CNN,President Donald Trump's personal lawyer Michael Cohen was provided inside information about the House Intelligence‚Ä¶ https://t.co/Nmp7RC7Uvo,2018-03-07 02:10:33+00:00,0.0,0.0,1.0,0.0
278,CNN,"Republicans in Utah are working their way toward naming a highway after President Trump.

Democrats propose 'Stormy‚Ä¶ https://t.co/o2iX94wd6o",2018-03-07 02:06:04+00:00,0.0,0.0,1.0,0.0
279,CNN,A Harvard University government professor announced his retirement amid allegations of sexual misconduct‚Ä¶ https://t.co/zseVXRCyFZ,2018-03-07 02:00:51+00:00,0.0,0.0,1.0,0.0
280,CNN,China's most popular social media app has amassed 1 billion users. But it's going to have trouble attracting anothe‚Ä¶ https://t.co/T3EGLKhJfx,2018-03-07 01:54:05+00:00,0.5413,0.249,0.643,0.108
281,CNN,"When you come to the fork in the road, do you take:

a.) Donald J. Trump Utah National Parks Highway
OR
b.) Stormy‚Ä¶ https://t.co/7eSmq8qIJG",2018-03-07 01:52:51+00:00,0.0,0.0,1.0,0.0
282,CNN,"Maker of Smith &amp; Wesson guns on safety debate: ""The solution is not to take a politically motivated action that has‚Ä¶ https://t.co/aTUXTm8Whn",2018-03-07 01:49:06+00:00,0.7964,0.31,0.69,0.0
283,CNN,"The USS Carl Vinson has moored just off the coast of Da Nang, Vietnam. It is the first time a US Navy aircraft carr‚Ä¶ https://t.co/TjZTG8wSpN",2018-03-07 01:45:29+00:00,0.0,0.0,1.0,0.0
284,CNN,Acting Deputy FBI Director David Bowdich told House members privately that the FBI missed two tips about the Florid‚Ä¶ https://t.co/6HqKaNaG3m,2018-03-07 01:44:19+00:00,-0.296,0.0,0.896,0.104
285,CNN,The Weinstein Company is once again on the verge of bankruptcy. Last week's tentative $500 million deal to sell mos‚Ä¶ https://t.co/QusnAL0jPh,2018-03-07 01:41:04+00:00,0.0,0.0,1.0,0.0
286,CNN,"Local law says that ""every head of household residing in the city limits is required to maintain a firearm"" in Kenn‚Ä¶ https://t.co/K3HRFOSI12",2018-03-07 01:36:03+00:00,0.0,0.0,1.0,0.0
287,CNN,"""It is about the Russians, and it's about follow the money. That's exactly what Bob Mueller is doing."" Sen. Richard‚Ä¶ https://t.co/0Y2MdYrwt0",2018-03-07 01:33:15+00:00,0.0,0.0,1.0,0.0
288,CNN,"The Trump administration has quietly said it will consider big game trophy imports on a ""case-by-case"" basis‚Ä¶ https://t.co/hjvWoPTtSI",2018-03-07 01:31:05+00:00,0.0,0.0,1.0,0.0
289,CNN,"At least 78 people have died in Nigeria with hundreds more infected in an outbreak of Lassa fever, the Nigeria Cent‚Ä¶ https://t.co/AqO4WD8W4Y",2018-03-07 01:26:06+00:00,-0.796,0.0,0.738,0.262
290,CNN,"A HUD employee wrote a blistering open letter to Secretary Ben Carson, accusing him of participating in a ""smear ca‚Ä¶ https://t.co/RTeoibDkL6",2018-03-07 01:21:14+00:00,-0.4939,0.0,0.792,0.208
291,CNN,A Kansas man pleaded guilty in state court to killing a engineer from India and injuring two others at a sports bar‚Ä¶ https://t.co/tt0Hsi9wrt,2018-03-07 01:11:03+00:00,-0.802,0.0,0.714,0.286
292,CNN,"Barbie unveils dolls based on real-life figures including Amelia Earhart, Frida Kahlo, Katherine Johnson and Chloe‚Ä¶ https://t.co/EuJLMQthDt",2018-03-07 01:06:20+00:00,0.0,0.0,1.0,0.0
293,CNN,American regulators have held up Broadcom's hostile takeover of Qualcomm over concerns the deal could harm national‚Ä¶ https://t.co/RLHnVV28bR,2018-03-07 01:06:05+00:00,-0.7269,0.0,0.724,0.276
294,CNN,"Fmr. White House ethics lawyer Richard Painter on Roger Stone and Sam Nunberg: ""Both these guys are a bunch of slee‚Ä¶ https://t.co/C5TrJ27STK",2018-03-07 01:04:12+00:00,0.0,0.0,1.0,0.0
295,CNN,"White House aide Kellyanne Conway violated the Hatch Act on two occasions by ""advocating for and against candidates‚Ä¶ https://t.co/71lR2ZBW0G",2018-03-07 01:01:06+00:00,-0.5267,0.0,0.841,0.159
296,CNN,Senate Majority Leader Mitch McConnell broke his silence and denounced President Trump's threat to place controvers‚Ä¶ https://t.co/ME2K08oRBo,2018-03-07 00:56:52+00:00,-0.7351,0.0,0.708,0.292
297,CNN,A top Amazon executive is leaving for Airbnb https://t.co/at4MPaSBwU https://t.co/kH0raUImSg,2018-03-07 00:56:06+00:00,0.3612,0.333,0.667,0.0
298,CNN,Fox wants to shave the advertising on its networks to two minutes per hour https://t.co/aQOw9vJgpO https://t.co/OHatiLZP8s,2018-03-07 00:51:05+00:00,0.0,0.0,1.0,0.0
299,CNN,Genetic testing company 23andMe has been give federal approval to sell at-home kits that test for three breast canc‚Ä¶ https://t.co/RNTagEgDS2,2018-03-07 00:41:07+00:00,0.4767,0.14,0.86,0.0
300,FoxNews,.@RandPaul: ‚ÄúI think the FISA court has way too much power but I also believe that special counsels are given too m‚Ä¶ https://t.co/NJuaSWpYb2,2018-03-07 07:05:00+00:00,0.5499,0.145,0.855,0.0
301,FoxNews,Mother claims Spirit Airlines kicked her off flight because her baby was spitting up https://t.co/qmSi6OcLHT,2018-03-07 07:00:02+00:00,0.1779,0.108,0.892,0.0
302,FoxNews,".@POTUS: ""The Russians had no impact on our votes whatsoever, but certainly there was meddling...You have to be rea‚Ä¶ https://t.co/rGRwwfxzyR",2018-03-07 06:55:00+00:00,0.3612,0.137,0.793,0.07
303,FoxNews,"1 Missouri police officer killed, 2 others wounded in shooting; suspect dead https://t.co/bru3GUVJKg via @RyanGaydos",2018-03-07 06:52:27+00:00,-0.9001,0.0,0.476,0.524
304,FoxNews,Skull of 'oldest Dutchwoman' found beneath the North Sea https://t.co/WbleEq63fs,2018-03-07 06:50:00+00:00,0.0,0.0,1.0,0.0
305,FoxNews,".@RepRatcliffe: ‚ÄúA second special counsel is not just appropriate, but necessary.‚Äù #TheStory https://t.co/k2geeaaoOy",2018-03-07 06:45:00+00:00,0.2144,0.134,0.866,0.0
306,FoxNews,.@Walmart employee Sabrina Barnes recently brought down the house with a powerful rendition of ‚ÄúThe Star-Spangled B‚Ä¶ https://t.co/kaV3PQmhvL,2018-03-07 06:35:00+00:00,0.4215,0.149,0.851,0.0
307,FoxNews,Marines let women join West Coast combat course https://t.co/xFjGhqolBA,2018-03-07 06:30:00+00:00,-0.0516,0.19,0.603,0.207
308,FoxNews,".@POTUS: ""A strong and balanced economic relationship strengthens security and prosperity in both of our countries‚Ä¶ https://t.co/hGnsp9V1bn",2018-03-07 06:25:00+00:00,0.8271,0.383,0.617,0.0
309,FoxNews,Alabama high school basketball player's touching praise of coach goes viral https://t.co/bgJD3PtMRX via @RyanGaydos,2018-03-07 06:23:54+00:00,0.5574,0.217,0.783,0.0
310,FoxNews,"Illegal immigrants with sex, robbery convictions among those who evaded capture after Dem mayor's warning https://t.co/zpLyEfEHFy",2018-03-07 06:20:00+00:00,-0.7184,0.0,0.7,0.3
311,FoxNews,MAJESTIC: The impressive hunting skills of a bald eagle were on full display after a fisherman recently set his cam‚Ä¶ https://t.co/0kwwmDhwtL,2018-03-07 06:15:00+00:00,0.5106,0.155,0.845,0.0
312,FoxNews,Alabama man agrees to plea deal after being arrested 4 days after publicly criticizing local sheriff https://t.co/Grfw23OCtV,2018-03-07 06:10:00+00:00,-0.5859,0.088,0.637,0.275
313,FoxNews,".@LawrenceBJones3 on DACA: ""[Democrats] don't want to make a deal because they want to campaign on this issue.""‚Ä¶ https://t.co/7vczVQXuxO",2018-03-07 06:05:00+00:00,-0.1139,0.0,0.867,0.133
314,FoxNews,Word invented by 'The Simpsons' makes it into Webster's dictionary https://t.co/sSX8i7202Q,2018-03-07 06:00:00+00:00,0.0,0.0,1.0,0.0
315,FoxNews,".@POTUS: ""The @WhiteHouse has tremendous energy. It has tremendous spirit. It is a great place to be working...Beli‚Ä¶ https://t.co/B8y1HK07mp",2018-03-07 05:55:00+00:00,0.7845,0.345,0.655,0.0
316,FoxNews,What to know about the incoming nor'easter https://t.co/GM7OTy4JCd,2018-03-07 05:50:00+00:00,0.0,0.0,1.0,0.0
317,FoxNews,.@TGowdySC explains why he's calling for a special counsel to investigate alleged bias and FISA abuse inside the‚Ä¶ https://t.co/02vxOASTkf,2018-03-07 05:45:00+00:00,-0.4404,0.116,0.644,0.24
318,FoxNews,"Man accused of stealing Frances McDormand‚Äôs Oscar charged with theft, officials say https://t.co/MfyilgvleI",2018-03-07 05:40:00+00:00,-0.7717,0.0,0.565,0.435
319,FoxNews,TRY TO 'SHEEP' UP: A paramedic responding to a house call in England made some fluffy friends while trekking throug‚Ä¶ https://t.co/Q3HwBc2fbe,2018-03-07 05:35:00+00:00,0.4767,0.147,0.853,0.0
320,FoxNews,.@RandPaul: ‚ÄúI think the FISA court has way too much power but I also believe that special counsels are given too m‚Ä¶ https://t.co/NJuaSWpYb2,2018-03-07 07:05:00+00:00,0.5499,0.145,0.855,0.0
321,FoxNews,Mother claims Spirit Airlines kicked her off flight because her baby was spitting up https://t.co/qmSi6OcLHT,2018-03-07 07:00:02+00:00,0.1779,0.108,0.892,0.0
322,FoxNews,".@POTUS: ""The Russians had no impact on our votes whatsoever, but certainly there was meddling...You have to be rea‚Ä¶ https://t.co/rGRwwfxzyR",2018-03-07 06:55:00+00:00,0.3612,0.137,0.793,0.07
323,FoxNews,"1 Missouri police officer killed, 2 others wounded in shooting; suspect dead https://t.co/bru3GUVJKg via @RyanGaydos",2018-03-07 06:52:27+00:00,-0.9001,0.0,0.476,0.524
324,FoxNews,Skull of 'oldest Dutchwoman' found beneath the North Sea https://t.co/WbleEq63fs,2018-03-07 06:50:00+00:00,0.0,0.0,1.0,0.0
325,FoxNews,".@RepRatcliffe: ‚ÄúA second special counsel is not just appropriate, but necessary.‚Äù #TheStory https://t.co/k2geeaaoOy",2018-03-07 06:45:00+00:00,0.2144,0.134,0.866,0.0
326,FoxNews,.@Walmart employee Sabrina Barnes recently brought down the house with a powerful rendition of ‚ÄúThe Star-Spangled B‚Ä¶ https://t.co/kaV3PQmhvL,2018-03-07 06:35:00+00:00,0.4215,0.149,0.851,0.0
327,FoxNews,Marines let women join West Coast combat course https://t.co/xFjGhqolBA,2018-03-07 06:30:00+00:00,-0.0516,0.19,0.603,0.207
328,FoxNews,".@POTUS: ""A strong and balanced economic relationship strengthens security and prosperity in both of our countries‚Ä¶ https://t.co/hGnsp9V1bn",2018-03-07 06:25:00+00:00,0.8271,0.383,0.617,0.0
329,FoxNews,Alabama high school basketball player's touching praise of coach goes viral https://t.co/bgJD3PtMRX via @RyanGaydos,2018-03-07 06:23:54+00:00,0.5574,0.217,0.783,0.0
330,FoxNews,"Illegal immigrants with sex, robbery convictions among those who evaded capture after Dem mayor's warning https://t.co/zpLyEfEHFy",2018-03-07 06:20:00+00:00,-0.7184,0.0,0.7,0.3
331,FoxNews,MAJESTIC: The impressive hunting skills of a bald eagle were on full display after a fisherman recently set his cam‚Ä¶ https://t.co/0kwwmDhwtL,2018-03-07 06:15:00+00:00,0.5106,0.155,0.845,0.0
332,FoxNews,Alabama man agrees to plea deal after being arrested 4 days after publicly criticizing local sheriff https://t.co/Grfw23OCtV,2018-03-07 06:10:00+00:00,-0.5859,0.088,0.637,0.275
333,FoxNews,".@LawrenceBJones3 on DACA: ""[Democrats] don't want to make a deal because they want to campaign on this issue.""‚Ä¶ https://t.co/7vczVQXuxO",2018-03-07 06:05:00+00:00,-0.1139,0.0,0.867,0.133
334,FoxNews,Word invented by 'The Simpsons' makes it into Webster's dictionary https://t.co/sSX8i7202Q,2018-03-07 06:00:00+00:00,0.0,0.0,1.0,0.0
335,FoxNews,".@POTUS: ""The @WhiteHouse has tremendous energy. It has tremendous spirit. It is a great place to be working...Beli‚Ä¶ https://t.co/B8y1HK07mp",2018-03-07 05:55:00+00:00,0.7845,0.345,0.655,0.0
336,FoxNews,What to know about the incoming nor'easter https://t.co/GM7OTy4JCd,2018-03-07 05:50:00+00:00,0.0,0.0,1.0,0.0
337,FoxNews,.@TGowdySC explains why he's calling for a special counsel to investigate alleged bias and FISA abuse inside the‚Ä¶ https://t.co/02vxOASTkf,2018-03-07 05:45:00+00:00,-0.4404,0.116,0.644,0.24
338,FoxNews,"Man accused of stealing Frances McDormand‚Äôs Oscar charged with theft, officials say https://t.co/MfyilgvleI",2018-03-07 05:40:00+00:00,-0.7717,0.0,0.565,0.435
339,FoxNews,TRY TO 'SHEEP' UP: A paramedic responding to a house call in England made some fluffy friends while trekking throug‚Ä¶ https://t.co/Q3HwBc2fbe,2018-03-07 05:35:00+00:00,0.4767,0.147,0.853,0.0
340,FoxNews,"Two conspiracy theorists arrested after harassing Texas pastor of church shooting, police say https://t.co/EgIXMha8bO via @RyanGaydos",2018-03-07 05:32:59+00:00,-0.875,0.0,0.565,0.435
341,FoxNews,Peyton Manning unloads his Papa John's franchises in Denver area https://t.co/f0VORTiypk,2018-03-07 05:30:00+00:00,0.0,0.0,1.0,0.0
342,FoxNews,".@POTUS: ‚ÄúWe have come certainly a long way, at least rhetorically, with North Korea.‚Äù https://t.co/lCILbcOER6",2018-03-07 05:25:00+00:00,0.34,0.156,0.844,0.0
343,FoxNews,Rugby player who swallowed garden slug as dare fights Australia government over health bills https://t.co/HCUPqoGAnA,2018-03-07 05:20:00+00:00,-0.4019,0.0,0.838,0.162
344,FoxNews,Peyton Manning unloads his Papa John's franchises in Denver area https://t.co/FCAvXheAGa,2018-03-07 05:19:12+00:00,0.0,0.0,1.0,0.0
345,FoxNews,Saudi Arabia hosted its first road race for women https://t.co/YgTmPJqc3N,2018-03-07 05:15:00+00:00,0.0,0.0,1.0,0.0
346,FoxNews,"OPINION:  #Trump boldly wades into cutting federal government down to size -- will it work?, via @CalThomas https://t.co/R3V6dg3JBf",2018-03-07 05:10:00+00:00,0.25,0.125,0.8,0.075
347,FoxNews,".@kayleighmcenany: ""Dreamers and DACA recipients are a pawn to [Democrats]."" https://t.co/OTXrNCollP https://t.co/plztDXBpk6",2018-03-07 05:05:00+00:00,0.0,0.0,1.0,0.0
348,FoxNews,"On #TheStory with @marthamaccallum Tuesday, @Sen_JoeManchin praised @POTUS' tariff proposal, saying he supports the‚Ä¶ https://t.co/q6K3cpYZbQ",2018-03-07 05:00:01+00:00,0.6908,0.305,0.695,0.0
349,FoxNews,Texas police officer faces human smuggling charges https://t.co/OTEYscKxFl,2018-03-07 04:50:36+00:00,-0.6369,0.0,0.536,0.464
350,FoxNews,Woman claims airport security confiscated her gun necklace because it was 'potentially dangerous' https://t.co/F01JJRmZpc,2018-03-07 04:41:31+00:00,-0.4767,0.127,0.582,0.291
351,FoxNews,.@AdamLaxalt: ‚ÄúThis is common sense that our law enforcement locally needs to work with the federal authorities to‚Ä¶ https://t.co/wKIgJtrIRh,2018-03-07 04:25:59+00:00,0.0,0.0,1.0,0.0
352,FoxNews,.@pnjaban on California being sued by #Trump admin for violating federal law: ‚ÄúIt‚Äôs just like any other federal law‚Ä¶ https://t.co/4qx5d8goAT,2018-03-07 04:18:40+00:00,-0.25,0.104,0.75,0.146
353,FoxNews,".@AmbJohnBolton: ""I don't think #Trump wants a trade war. I think he wants to say to people: When you make commitme‚Ä¶ https://t.co/SKhmlPEbW4",2018-03-07 03:59:03+00:00,-0.5994,0.0,0.83,0.17
354,FoxNews,Democrats hoping strong turnout spurs them in deep-red Texas https://t.co/WMieVh8yMc,2018-03-07 03:52:19+00:00,0.7269,0.433,0.567,0.0
355,FoxNews,".@IngrahamAngle: ""North Korea is signaling a willingness to hold talks...You think that that would have happened wi‚Ä¶ https://t.co/GtYtkkx9HG",2018-03-07 03:28:25+00:00,0.2732,0.116,0.884,0.0
356,FoxNews,".@IngrahamAngle: ""#DonaldTrump - in politics - is an innovator and he's not afraid to break with the establishment'‚Ä¶ https://t.co/LgV6ytVa1e",2018-03-07 03:22:48+00:00,0.0,0.0,1.0,0.0
357,FoxNews,".@SenSanders' stepdaughter loses bid for mayor of Burlington, Vermont https://t.co/3X3PaOFbKJ",2018-03-07 03:11:08+00:00,-0.3182,0.0,0.796,0.204
358,FoxNews,"JUST IN: Stormy Daniels sues #Trump, says 'hush agreement' is invalid because he didn't sign it https://t.co/WnLmnmRjxw",2018-03-07 02:58:34+00:00,0.4939,0.167,0.833,0.0
359,FoxNews,What to know about the incoming nor'easter https://t.co/GM7OTy4JCd,2018-03-07 02:51:33+00:00,0.0,0.0,1.0,0.0
360,FoxNews,.@POTUS defended his tariff announcement during a joint press conference with the Swedish Prime Minister on Tuesday‚Ä¶ https://t.co/bEvcgT9Wk0,2018-03-07 02:45:39+00:00,0.0,0.0,1.0,0.0
361,FoxNews,TUNE IN: @ShannonBream is live in Sacramento. Watch @foxnewsnight tonight at 11pm ET! https://t.co/rEuEn0gp4G,2018-03-07 02:34:28+00:00,0.0,0.0,1.0,0.0
362,FoxNews,BREAKING: #Trump's @TheJusticeDept sues California over 'interference' with immigration enforcement https://t.co/2GROjC9cI6,2018-03-07 02:15:31+00:00,0.0,0.0,1.0,0.0
363,FoxNews,".@DLoesch: ""Here we're looking at multiple systemic failures coming from the government that failed to protect us.‚Ä¶ https://t.co/qG8mz1VweP",2018-03-07 01:55:26+00:00,-0.5719,0.109,0.628,0.264
364,FoxNews,.@Walmart employee Sabrina Barnes recently brought down the house with a powerful rendition of ‚ÄúThe Star-Spangled B‚Ä¶ https://t.co/W0ESErky00,2018-03-07 01:42:09+00:00,0.4215,0.149,0.851,0.0
365,FoxNews,"Joe diGenova on need for special counsel to probe FISA abuses: ""The inspector general, to whom this investigation h‚Ä¶ https://t.co/6zjJApR83Q",2018-03-07 01:32:58+00:00,-0.2263,0.111,0.741,0.148
366,FoxNews,.@USArmy pledges reform after IG finds hundreds of war dogs mishandled https://t.co/n4qt1jERuZ,2018-03-07 01:23:46+00:00,-0.5994,0.0,0.738,0.262
367,FoxNews,Steelworkers' President: @POTUS' Trade Policy Will Punish 'Evildoers' in Int'l Market  #TheStory https://t.co/QVU3sFMOfa,2018-03-07 01:12:14+00:00,-0.5267,0.0,0.779,0.221
368,FoxNews,"Stoneman Douglas High School student Kyle Kashuv: ‚ÄúWe have to focus first on what we can achieve, and that is bipar‚Ä¶ https://t.co/7PXeTIGEtM",2018-03-07 01:02:53+00:00,0.0,0.0,1.0,0.0
369,FoxNews,WATCH: Police and firefighters used their life-saving skills to save a 9-week-old Saint Bernard puppy that was chok‚Ä¶ https://t.co/klWB8fQTsA,2018-03-07 00:52:14+00:00,0.4939,0.158,0.842,0.0
370,FoxNews,.@RepPeteKing: ‚ÄúI‚Äôve never supported a special counsel before. I think in this case it is essential that there be o‚Ä¶ https://t.co/yh6Nj7uMU7,2018-03-07 00:43:18+00:00,-0.4973,0.0,0.801,0.199
371,FoxNews,".@RepRatcliffe: ‚ÄúA second special counsel is not just appropriate, but necessary.‚Äù #TheStory https://t.co/iUyIBUPYIr",2018-03-07 00:35:32+00:00,0.2144,0.134,0.866,0.0
372,FoxNews,".@Sen_JoeManchin: ‚ÄúWe have a president that has the spine to start saying ‚ÄòWait a minute, we‚Äôve been taken advantag‚Ä¶ https://t.co/GRTRUzONmH",2018-03-07 00:26:19+00:00,0.0,0.0,1.0,0.0
373,FoxNews,.@Sen_JoeManchin: ‚Äú‚Ä¶These trade wars. I don‚Äôt think that will happen. I think they‚Äôll sit down and re-evaluate the‚Ä¶ https://t.co/FgNutYe2RM,2018-03-07 00:15:11+00:00,-0.5574,0.0,0.816,0.184
374,FoxNews,.@TGowdySC &amp; @RepGoodlatte Call for Special Counsel on FISA: Current Probe 'Has No Jurisdiction' Over 24 Witnesses‚Ä¶ https://t.co/98gLN4S6Mm,2018-03-07 00:02:12+00:00,0.128,0.129,0.766,0.105
375,FoxNews,"RT @MikeEmanuelFox: Lawmakers look to fine tune President Trump's tariff proposal-from #SpecialReport tonight:

https://t.co/HiDK32yC3f",2018-03-06 23:46:49+00:00,0.2023,0.122,0.878,0.0
376,FoxNews,".@BillHemmer to @TGowdySC and @RepGoodlatte: ""Do you have evidence the Department of Justice was spying on the‚Ä¶ https://t.co/fCOCgX3ggF",2018-03-06 23:43:20+00:00,0.5267,0.167,0.833,0.0
377,FoxNews,".@RepGoodlatte: ""In order to set the record straight, clear what is going on at the @FBI, and make sure this does n‚Ä¶ https://t.co/JpZQ0Brppe",2018-03-06 23:30:10+00:00,0.7003,0.254,0.746,0.0
378,FoxNews,.@TGowdySC explains why he's calling for a special counsel to investigate alleged bias and FISA abuse inside the‚Ä¶ https://t.co/2MrQQJu6kp,2018-03-06 23:25:39+00:00,-0.4404,0.116,0.644,0.24
379,FoxNews,"Gary Cohn, White House chief economic adviser, to resign - via @brookefoxnews  @johnrobertsFox 
https://t.co/oI0r9YL1xC",2018-03-06 23:07:48+00:00,-0.34,0.0,0.833,0.167
380,FoxNews,.@POTUS on Russian Interference in 2018: 'We'll Counteract Whatever They Do' https://t.co/ehfgjrlD3A,2018-03-06 23:03:33+00:00,0.0,0.0,1.0,0.0
381,FoxNews,"RT @FoxNewsResearch: Recent White House Turnover:
‚ÄîDepartures/Planned Departures‚Äî
‚Ä¢Staff Secretary Rob Porter
‚Ä¢Speechwriter David Sorensen‚Ä¶",2018-03-06 22:54:36+00:00,-0.5574,0.0,0.795,0.205
382,FoxNews,World's oldest message in a bottle discovered on Australian beach https://t.co/q7R7SJYq8x,2018-03-06 22:50:00+00:00,0.0,0.0,1.0,0.0
383,FoxNews,"BREAKING: Gary Cohn, White House chief economic adviser, to resign  https://t.co/4TAF2MpTBR https://t.co/XQD9GWYN0d",2018-03-06 22:45:56+00:00,-0.34,0.0,0.821,0.179
384,FoxNews,"Gowdy, Goodlatte demand appointment of special counsel, citing FISA abuses - via @brookefoxnews 
https://t.co/9q3Q3YBayU",2018-03-06 22:45:23+00:00,-0.34,0.152,0.562,0.287
385,FoxNews,BREAKING: Gary Cohn to resign as #Trump's top economic adviser https://t.co/x7cuQlwd8c,2018-03-06 22:42:03+00:00,-0.1531,0.136,0.682,0.182
386,FoxNews,Rugby player who swallowed garden slug as dare fights Australia government over health bills https://t.co/EfOGsc4Zwt,2018-03-06 22:32:22+00:00,-0.4019,0.0,0.838,0.162
387,FoxNews,"Cochran resignation leaves both Mississippi Senate seats in play - via @brookefoxnews
https://t.co/KFevLskB8O",2018-03-06 22:23:53+00:00,0.0516,0.164,0.685,0.151
388,FoxNews,"Trump on turbulence in the West Wing: 'I like conflict' - via @brookefoxnews 
https://t.co/JGb0D9vfVG",2018-03-06 22:22:51+00:00,0.0516,0.158,0.696,0.146
389,FoxNews,".@kimguilfoyle on North Korea‚Äôs potential willingness to talk to U.S., halt nuclear tests: ‚ÄúWhy not sit at the tabl‚Ä¶ https://t.co/BMTFRzzBkB",2018-03-06 22:16:31+00:00,0.2732,0.1,0.9,0.0
390,FoxNews,Michael Flynn selling home to pay for legal fees after pleading guilty in Trump probe https://t.co/5BYJjRgKpU,2018-03-06 22:06:10+00:00,-0.4019,0.08,0.695,0.225
391,FoxNews,.@GovEdRendell: 'Huge Trouble' for @GOP If Pro-Life Dem Comes Close in PA Special Election  @OutnumberedOT https://t.co/Ovrp3q36JW,2018-03-06 21:45:38+00:00,0.3182,0.242,0.628,0.13
392,FoxNews,".@POTUS: ""The Russians had no impact on our votes whatsoever, but certainly there was meddling...You have to be rea‚Ä¶ https://t.co/CAyhpWzLT0",2018-03-06 21:28:04+00:00,0.3612,0.137,0.793,0.07
393,FoxNews,".@POTUS: ""The @WhiteHouse has tremendous energy. It has tremendous spirit. It is a great place to be working...Beli‚Ä¶ https://t.co/iasiB8Z1fQ",2018-03-06 21:20:20+00:00,0.7845,0.345,0.655,0.0
394,FoxNews,".@POTUS: ""Our country has been taken advantage of by everybody...and we cannot let that happen any longer."" https://t.co/j84vXFhphr",2018-03-06 21:12:10+00:00,0.25,0.105,0.895,0.0
395,FoxNews,".@SwedishPM: ""I think it's important for us to try to find a way to cooperate between the European Union and the Un‚Ä¶ https://t.co/U4TfnRC4yA",2018-03-06 21:07:05+00:00,0.2023,0.079,0.921,0.0
396,FoxNews,".@POTUS: ""The European Union has not treated us well and it's been a very, very unfair trade situation...I'm protec‚Ä¶ https://t.co/NGbfE37O5C",2018-03-06 21:03:42+00:00,-0.6689,0.0,0.756,0.244
397,FoxNews,".@SwedishPM: ""This year, Sweden and the United States celebrate 200 years of diplomatic relations and this meeting‚Ä¶ https://t.co/yzyl8gakZc",2018-03-06 20:54:01+00:00,0.7579,0.289,0.711,0.0
398,FoxNews,".@POTUS to @SwedishPM: ""A long-standing friendship between our people, anchored in our shared beliefs and values, h‚Ä¶ https://t.co/5dO1U2wptj",2018-03-06 20:49:43+00:00,0.7906,0.348,0.652,0.0
399,FoxNews,".@POTUS: ""A strong and balanced economic relationship strengthens security and prosperity in both of our countries‚Ä¶ https://t.co/1w1mi9LwEy",2018-03-06 20:46:18+00:00,0.8271,0.383,0.617,0.0
400,nytimes,"""It's always good news when you find penguins,"" a researcher says of the discovery of 1.5 million Ad√©lie penguins i‚Ä¶ https://t.co/RRHHQZW7LO",2018-03-07 07:04:23+00:00,0.4404,0.132,0.868,0.0
401,nytimes,RT @nytimesworld: North Korea‚Äôs sudden willingness to bargain with the Trump administration over scrapping the North's atomic arsenal raise‚Ä¶,2018-03-07 06:48:04+00:00,0.4404,0.187,0.813,0.0
402,nytimes,"Texas Democrats Surge to Polls, in Show of Anti-Trump Sentiment https://t.co/PBsqMXisUY",2018-03-07 06:41:56+00:00,0.0,0.0,1.0,0.0
403,nytimes,The organizer of the failed Fyre Festival pleaded guilty to federal fraud charges https://t.co/qCeFSNOPKz,2018-03-07 06:21:01+00:00,-0.8316,0.132,0.372,0.496
404,nytimes,"A cruise skeptic tries to enjoy 4 days on the high seas with his family, Mickey and a bunch of princesses https://t.co/novYdBgYIt",2018-03-07 06:03:13+00:00,0.3182,0.145,0.769,0.086
405,nytimes,"RT @nytimestravel: Did @jadabird, our 52 Places Traveler, love @DisneySprings. No. But she did have some magical moments. https://t.co/eojt‚Ä¶",2018-03-07 05:47:04+00:00,0.4588,0.179,0.726,0.094
406,nytimes,How the shape of your ears affects what you hear https://t.co/Dzj8tebpZE,2018-03-07 05:32:02+00:00,0.0,0.0,1.0,0.0
407,nytimes,"RT @nytopinion: I got my son involuntarily committed, and it backfired. Laws like the Baker Act aren't a solution to our mental health cris‚Ä¶",2018-03-07 05:17:02+00:00,0.3895,0.18,0.743,0.077
408,nytimes,Here's the 2018 election calendar https://t.co/eEQxkRTuXK,2018-03-07 05:02:10+00:00,0.0,0.0,1.0,0.0
409,nytimes,Organizer of Failed Fyre Festival Pleads Guilty to Fraud https://t.co/trsShlQG88,2018-03-07 04:58:41+00:00,-0.7717,0.168,0.314,0.518
410,nytimes,"An employee at OpenTable booked hundreds of tables at Chicago restaurants, using a rival service, with the intent o‚Ä¶ https://t.co/83eBHqdn0t",2018-03-07 04:47:04+00:00,0.0,0.0,1.0,0.0
411,nytimes,Texas primary election live results https://t.co/coi5RTaSHU,2018-03-07 04:32:05+00:00,0.0,0.0,1.0,0.0
412,nytimes,"RT @MichaelPaulson: A ‚ÄòFrozen‚Äô bond: heartbreak, hard choices and high notes as Elsa and Anna arrive on Broadway. https://t.co/0YzLqsZ0ex",2018-03-07 04:17:05+00:00,-0.6249,0.0,0.758,0.242
413,nytimes,"On the 20th anniversary of ‚ÄúThe Big Lebowski,‚Äù here's a list of streamable movies that follow in the footsteps of e‚Ä¶ https://t.co/q75khuckpv",2018-03-07 04:02:02+00:00,0.0,0.0,1.0,0.0
414,nytimes,"Stormy Daniels files suit, claiming Trump never signed ""hush agreement"" https://t.co/PMNv95mel1",2018-03-07 03:48:08+00:00,-0.3875,0.0,0.792,0.208
415,nytimes,"In the fight for equality, the U.S. women‚Äôs soccer team has emerged as a new kind of role model for women‚Äôs teams f‚Ä¶ https://t.co/o7rvCNUag2",2018-03-07 03:36:04+00:00,-0.3818,0.0,0.894,0.106
416,nytimes,RT @mattbpurdy: This is an important development. A possible link between the United Arab Emirates and Trump is helping Mueller in a new ph‚Ä¶,2018-03-07 03:26:04+00:00,0.7003,0.264,0.736,0.0
417,nytimes,"RT @nytpolitics: President Trump was infuriated by Gary Cohn‚Äôs decision to resign, denouncing him in private conversations as a ‚Äúglobalist‚Äù‚Ä¶",2018-03-07 03:17:06+00:00,-0.7506,0.0,0.726,0.274
418,nytimes,"‚ÄúWho made history?‚Äù chanted the throng of red-clad West Virginia teachers, who had defied state officials by stagin‚Ä¶ https://t.co/QSW38TPcPi",2018-03-07 03:02:06+00:00,0.0,0.0,1.0,0.0
419,nytimes,Texas primary election live results https://t.co/359hlxZEqI,2018-03-07 02:47:04+00:00,0.0,0.0,1.0,0.0
420,nytimes,"""It's always good news when you find penguins,"" a researcher says of the discovery of 1.5 million Ad√©lie penguins i‚Ä¶ https://t.co/RRHHQZW7LO",2018-03-07 07:04:23+00:00,0.4404,0.132,0.868,0.0
421,nytimes,RT @nytimesworld: North Korea‚Äôs sudden willingness to bargain with the Trump administration over scrapping the North's atomic arsenal raise‚Ä¶,2018-03-07 06:48:04+00:00,0.4404,0.187,0.813,0.0
422,nytimes,"Texas Democrats Surge to Polls, in Show of Anti-Trump Sentiment https://t.co/PBsqMXisUY",2018-03-07 06:41:56+00:00,0.0,0.0,1.0,0.0
423,nytimes,The organizer of the failed Fyre Festival pleaded guilty to federal fraud charges https://t.co/qCeFSNOPKz,2018-03-07 06:21:01+00:00,-0.8316,0.132,0.372,0.496
424,nytimes,"A cruise skeptic tries to enjoy 4 days on the high seas with his family, Mickey and a bunch of princesses https://t.co/novYdBgYIt",2018-03-07 06:03:13+00:00,0.3182,0.145,0.769,0.086
425,nytimes,"RT @nytimestravel: Did @jadabird, our 52 Places Traveler, love @DisneySprings. No. But she did have some magical moments. https://t.co/eojt‚Ä¶",2018-03-07 05:47:04+00:00,0.4588,0.179,0.726,0.094
426,nytimes,How the shape of your ears affects what you hear https://t.co/Dzj8tebpZE,2018-03-07 05:32:02+00:00,0.0,0.0,1.0,0.0
427,nytimes,"RT @nytopinion: I got my son involuntarily committed, and it backfired. Laws like the Baker Act aren't a solution to our mental health cris‚Ä¶",2018-03-07 05:17:02+00:00,0.3895,0.18,0.743,0.077
428,nytimes,Here's the 2018 election calendar https://t.co/eEQxkRTuXK,2018-03-07 05:02:10+00:00,0.0,0.0,1.0,0.0
429,nytimes,Organizer of Failed Fyre Festival Pleads Guilty to Fraud https://t.co/trsShlQG88,2018-03-07 04:58:41+00:00,-0.7717,0.168,0.314,0.518
430,nytimes,"An employee at OpenTable booked hundreds of tables at Chicago restaurants, using a rival service, with the intent o‚Ä¶ https://t.co/83eBHqdn0t",2018-03-07 04:47:04+00:00,0.0,0.0,1.0,0.0
431,nytimes,Texas primary election live results https://t.co/coi5RTaSHU,2018-03-07 04:32:05+00:00,0.0,0.0,1.0,0.0
432,nytimes,"RT @MichaelPaulson: A ‚ÄòFrozen‚Äô bond: heartbreak, hard choices and high notes as Elsa and Anna arrive on Broadway. https://t.co/0YzLqsZ0ex",2018-03-07 04:17:05+00:00,-0.6249,0.0,0.758,0.242
433,nytimes,"On the 20th anniversary of ‚ÄúThe Big Lebowski,‚Äù here's a list of streamable movies that follow in the footsteps of e‚Ä¶ https://t.co/q75khuckpv",2018-03-07 04:02:02+00:00,0.0,0.0,1.0,0.0
434,nytimes,"Stormy Daniels files suit, claiming Trump never signed ""hush agreement"" https://t.co/PMNv95mel1",2018-03-07 03:48:08+00:00,-0.3875,0.0,0.792,0.208
435,nytimes,"In the fight for equality, the U.S. women‚Äôs soccer team has emerged as a new kind of role model for women‚Äôs teams f‚Ä¶ https://t.co/o7rvCNUag2",2018-03-07 03:36:04+00:00,-0.3818,0.0,0.894,0.106
436,nytimes,RT @mattbpurdy: This is an important development. A possible link between the United Arab Emirates and Trump is helping Mueller in a new ph‚Ä¶,2018-03-07 03:26:04+00:00,0.7003,0.264,0.736,0.0
437,nytimes,"RT @nytpolitics: President Trump was infuriated by Gary Cohn‚Äôs decision to resign, denouncing him in private conversations as a ‚Äúglobalist‚Äù‚Ä¶",2018-03-07 03:17:06+00:00,-0.7506,0.0,0.726,0.274
438,nytimes,"‚ÄúWho made history?‚Äù chanted the throng of red-clad West Virginia teachers, who had defied state officials by stagin‚Ä¶ https://t.co/QSW38TPcPi",2018-03-07 03:02:06+00:00,0.0,0.0,1.0,0.0
439,nytimes,Texas primary election live results https://t.co/359hlxZEqI,2018-03-07 02:47:04+00:00,0.0,0.0,1.0,0.0
440,nytimes,"2-year-old Parker Curry, who captivated the internet with her reaction to Michelle Obama‚Äôs official portrait, got t‚Ä¶ https://t.co/gvKUu4Bp0O",2018-03-07 02:32:03+00:00,0.3818,0.133,0.867,0.0
441,nytimes,RT @samdolnick: Matthew Ornstein was my childhood best friend. He died because of severe gaps in our mental health care system. His very sm‚Ä¶,2018-03-07 02:18:04+00:00,0.6597,0.296,0.531,0.173
442,nytimes,Breaking News: The Justice Department is suing California over immigration laws that oppose President Trump's agend‚Ä¶ https://t.co/EneN6FIURj,2018-03-07 02:06:53+00:00,0.3182,0.166,0.732,0.102
443,nytimes,Evening Briefing: Here's what you need to know at the end of the day https://t.co/ordmqNjItR,2018-03-07 02:02:05+00:00,0.0,0.0,1.0,0.0
444,nytimes,The organizer of the failed Fyre Festival pleaded guilty to federal fraud charges https://t.co/Evw6Deugfe,2018-03-07 01:47:01+00:00,-0.8316,0.132,0.372,0.496
445,nytimes,Your yard might play a surprisingly large role in fighting climate change https://t.co/ZtShJ61GEc,2018-03-07 01:32:07+00:00,0.2732,0.286,0.559,0.155
446,nytimes,Texas primary election live results https://t.co/jVvL9hRsF8,2018-03-07 01:17:07+00:00,0.0,0.0,1.0,0.0
447,nytimes,"RT @nytgraphics: Watch live results from the Texas primaries, starting at 8 p.m. Eastern. https://t.co/CzTGFtmpUy",2018-03-07 01:02:06+00:00,0.0,0.0,1.0,0.0
448,nytimes,Keep this page open for Texas primary election results when they come in https://t.co/A2mSbaV3BH,2018-03-07 00:51:04+00:00,0.0,0.0,1.0,0.0
449,nytimes,"RT @nytimesbooks: Gabriel Garcia Marquez wrote ""Love in the Time of Cholera"" as a nostalgic exploration of his parents' courtship. The auth‚Ä¶",2018-03-07 00:47:01+00:00,0.7269,0.243,0.757,0.0
450,nytimes,"Porsche has introduced a new all-electric vehicle, attempting to go head-to-head with Tesla https://t.co/XpKWkdqQQo",2018-03-07 00:32:06+00:00,0.0,0.0,1.0,0.0
451,nytimes,"Most Americans expect artificial intelligence to lead to job losses in the coming decade, but few see it coming for‚Ä¶ https://t.co/DKgdPLNRQk",2018-03-07 00:17:06+00:00,0.0516,0.09,0.83,0.081
452,nytimes,"RT @amyfiscus: NEW: George Nader, the UAE adviser who grew close to Bannon and Kushner, is cooperating with the special counsel https://t.c‚Ä¶",2018-03-07 00:06:04+00:00,0.4019,0.114,0.886,0.0
453,nytimes,An adviser to the United Arab Emirates grew close to top White House aides. Now he is said to be cooperating with t‚Ä¶ https://t.co/NzSVpcskt2,2018-03-06 23:57:35+00:00,0.5574,0.173,0.827,0.0
454,nytimes,RT @adamgoldmanNYT: Breaking news: Adviser to Emirates With Ties to Trump Aides Is Cooperating With Special Counsel https://t.co/xr8QRjKtDu,2018-03-06 23:54:40+00:00,0.4019,0.137,0.863,0.0
455,nytimes,Evening Briefing: Here's what you need to know at the end of the day https://t.co/MAerJC6Nu4,2018-03-06 23:47:01+00:00,0.0,0.0,1.0,0.0
456,nytimes,"The actress Cynthia Nixon is talking with 2 veteran Democratic political operatives, a sign that she may be moving‚Ä¶ https://t.co/zR9zcBxVBw",2018-03-06 23:32:04+00:00,0.0,0.0,1.0,0.0
457,nytimes,"RT @Nate_Cohn: NYT election night results for the Texas primary. Polls close at 8 eastern, and early votes should come pretty quick    http‚Ä¶",2018-03-06 23:17:04+00:00,0.4939,0.132,0.868,0.0
458,nytimes,Here are the top officials in the Trump White House who have left https://t.co/CBoskDdasx,2018-03-06 23:03:04+00:00,0.2023,0.122,0.878,0.0
459,nytimes,"‚ÄúHe is a rare talent, and I thank him for his dedicated service to the American people,‚Äù President Trump said about‚Ä¶ https://t.co/1O40Gky0F5",2018-03-06 22:51:00+00:00,0.8074,0.328,0.672,0.0
460,nytimes,RT @katekelly: SCOOP: Gary Cohn resigns https://t.co/x4zPzVN8iO,2018-03-06 22:41:06+00:00,0.0085,0.242,0.519,0.239
461,nytimes,"Breaking News: Gary Cohn, President Trump‚Äôs top economic adviser, plans to resign. His free-trade views clashed wit‚Ä¶ https://t.co/8tBWrKAi9d",2018-03-06 22:32:35+00:00,-0.1531,0.089,0.792,0.119
462,nytimes,RT @maggieNYT: scoop - Cohn resigning  Gary Cohn to Resign as Trump‚Äôs Top Economic adviser https://t.co/tS8iJRse6X,2018-03-06 22:30:22+00:00,-0.2263,0.182,0.588,0.23
463,nytimes,Uber said its self-driving trucks had been carrying cargo on highways in Arizona for commercial freight customers o‚Ä¶ https://t.co/kj8GqYyiDW,2018-03-06 22:17:03+00:00,0.0,0.0,1.0,0.0
464,nytimes,"RT @NYTObits: Alan Gershwin, a man who insisted for 70 years or so that he was the illegitimate son of George Gershwin, and who made a virt‚Ä¶",2018-03-06 21:56:01+00:00,0.0,0.0,1.0,0.0
465,nytimes,"An employee at OpenTable booked hundreds of tables at Chicago restaurants, using a rival service, with the intent o‚Ä¶ https://t.co/H2kPuXg4RY",2018-03-06 21:42:03+00:00,0.0,0.0,1.0,0.0
466,nytimes,China was mentioned only in broad terms when Trump announced plans to impose tariffs on steel and aluminum imports.‚Ä¶ https://t.co/hyIKpH14Yu,2018-03-06 21:28:06+00:00,-0.296,0.0,0.896,0.104
467,nytimes,"RT @BasseyE: There are few things more essentially joyful than an NYT comments section about Mr. Rodgers. 

https://t.co/cCFv57KRjF https:/‚Ä¶",2018-03-06 21:18:08+00:00,0.6344,0.188,0.812,0.0
468,nytimes,"Low-effort, high-reward cooking for when you're hungry and exhausted https://t.co/bZIEYqKJqs https://t.co/GW2KJO3SFJ",2018-03-06 21:08:04+00:00,-0.3612,0.0,0.8,0.2
469,nytimes,"Bill Clinton, George Bush and Barack Obama have all experienced bursts of hope and then inevitable disappointment i‚Ä¶ https://t.co/yJylpWJvhe",2018-03-06 20:53:06+00:00,-0.1027,0.125,0.733,0.142
470,nytimes,An Indian-born engineer was fatally shot last year after a Kansas man angrily asked him about his immigration statu‚Ä¶ https://t.co/WvKSe2gdlk,2018-03-06 20:38:04+00:00,-0.7906,0.0,0.708,0.292
471,nytimes,"While hosting Benjamin Netanyahu, Trump said he still had ‚Äúa good chance‚Äù of forging peace, but a deal seems furthe‚Ä¶ https://t.co/HfdLV6W7fS",2018-03-06 20:23:06+00:00,0.4939,0.189,0.811,0.0
472,nytimes,They've never run a restaurant before. But they're bringing Sanjeev Kapoor's cooking to America. https://t.co/kwL0W6LKng,2018-03-06 20:08:05+00:00,0.0,0.0,1.0,0.0
473,nytimes,"For the first time, a Belgian criminal court has convicted a man of ‚Äúsexism in the public space‚Äù for verbally abusi‚Ä¶ https://t.co/EFst3EANcJ",2018-03-06 19:53:03+00:00,-0.5267,0.0,0.848,0.152
474,nytimes,An NYT reader's reaction to Kim Jong-un reportedly telling South Korea he is willing to negotiate with the U.S. on‚Ä¶ https://t.co/lc7e7x6odK,2018-03-06 19:38:05+00:00,0.0,0.0,1.0,0.0
475,nytimes,"On the 20th Anniversary of ‚ÄúThe Big Lebowski,‚Äù here's a list of streamable movies that follow in the footsteps of e‚Ä¶ https://t.co/oLwo4JfXS5",2018-03-06 19:23:03+00:00,0.0,0.0,1.0,0.0
476,nytimes,"RT @NYTArchives: The artist Georgia O'Keeffe died at age 98 on this day in 1986. In her obituary, The Times said that ""she raised the aware‚Ä¶",2018-03-06 19:13:05+00:00,-0.5574,0.0,0.874,0.126
477,nytimes,West Virginia lawmakers passed a 5% pay raise in a deal to end a teachers' strike that has shuttered schools for ne‚Ä¶ https://t.co/Uw3ySmhWeU,2018-03-06 19:03:05+00:00,-0.2263,0.0,0.861,0.139
478,nytimes,The corruption trial of a former top aide to Governor Andrew Cuomo could be headed to a mistrial after jurors said‚Ä¶ https://t.co/PNcdu5Uzse,2018-03-06 18:48:32+00:00,0.2023,0.087,0.913,0.0
479,nytimes,"RT @NYTNational: ‚ö°Ô∏è ‚ÄúWest Virginia leaders say a deal to raise teachers‚Äô pay may end strike‚Äù

https://t.co/NSjb9xC5Ym",2018-03-06 18:20:12+00:00,-0.1027,0.0,0.915,0.085
480,nytimes,"If the mainstream media is a perennial enemy of the right, Big Tech is a fresh and novel foe https://t.co/LmKL26lpDo",2018-03-06 18:10:09+00:00,-0.4215,0.184,0.56,0.256
481,nytimes,"The destinies of Alexander Litvinenko and Sergei Skripal carry similarities that can't be ignored, offering proof t‚Ä¶ https://t.co/JvUPrzEFVx",2018-03-06 17:55:27+00:00,0.2411,0.103,0.897,0.0
482,nytimes,RT @cliffordlevy: .@nytimes put out a call for contributors because we wanted to elevate the voices of college students and recent graduate‚Ä¶,2018-03-06 17:40:06+00:00,0.0,0.0,1.0,0.0
483,nytimes,"Forecasters warned up to a foot of snow could fall in parts of New York, New Jersey, Connecticut and Massachusetts https://t.co/AYbdk58zDE",2018-03-06 17:30:21+00:00,-0.2732,0.0,0.9,0.1
484,nytimes,"RT @NYTArchives: A look back at our film review of ""The Big Lebowski"" which published on this day 20 years ago. https://t.co/wy3gpv6ACJ htt‚Ä¶",2018-03-06 17:20:11+00:00,0.0,0.0,1.0,0.0
485,nytimes,"‚ÄúBringing all of these women together, meeting and seeing each other for who we are ... that‚Äôs healing‚Äù‚Ä¶ https://t.co/4VCkhHpcpZ",2018-03-06 17:07:48+00:00,0.0,0.0,1.0,0.0
486,nytimes,"For some players, the team is the first step in learning about their families. Christine Phillips-Ryburn, a.k.a. ‚ÄúW‚Ä¶ https://t.co/hsvLm3LXGj",2018-03-06 17:06:47+00:00,0.0,0.0,1.0,0.0
487,nytimes,"For these women, representing Team Indigenous at the Roller Derby World Cup is not just about winning.¬†Sasheen Wesl‚Ä¶ https://t.co/c4yM3oo62D",2018-03-06 17:04:42+00:00,-0.4168,0.0,0.873,0.127
488,nytimes,"‚ÄúEven though we‚Äôre all from different nations, we all have this shared history of being indigenous people.‚Äù ‚Äî Laura‚Ä¶ https://t.co/q01ub072pU",2018-03-06 17:01:43+00:00,0.4118,0.133,0.867,0.0
489,nytimes,"‚ÄúStrong! Resilient! Indigenous!‚Äù chants Victoria Lynn Major, a.k.a. ‚ÄúRage,‚Äù with the team before a game‚Ä¶ https://t.co/w00MmueVHj",2018-03-06 17:00:08+00:00,0.0,0.0,1.0,0.0
490,nytimes,"‚ÄúWhen I talk about decolonizing roller derby, I talk about recognizing that opportunity and access exist in roller‚Ä¶ https://t.co/IeXaYhZ1k0",2018-03-06 16:58:10+00:00,0.4215,0.149,0.851,0.0
491,nytimes,"They are astronomers, lawyers, postal workers, heavy machine operators and grandmothers. Meet the roller derby athl‚Ä¶ https://t.co/DP6F6IOiW1",2018-03-06 16:55:50+00:00,0.0,0.0,1.0,0.0
492,nytimes,"Team Indigenous, which includes 20 athletes from indigenous communities in Canada, the U.S., South America, New Zea‚Ä¶ https://t.co/PBUpIt2IYn",2018-03-06 16:53:20+00:00,0.0,0.0,1.0,0.0
493,nytimes,"RT @abscribe: Last summer, I profiled Sunayana Dumala, the widow of a hate crime victim in Kansas. Months later, I went back for a public f‚Ä¶",2018-03-06 16:45:04+00:00,-0.8519,0.0,0.671,0.329
494,nytimes,"He spoke of a subpoena, then gave odd TV interviews. But will Sam Nunberg, an ex-Trump aide, testify in the Russia‚Ä¶ https://t.co/bUDmh3ieBR",2018-03-06 16:35:05+00:00,-0.3182,0.0,0.897,0.103
495,nytimes,RT @NYTNational: Mayor Megan Barry of Nashville pleaded guilty to theft of property and agreed to resign on Tuesday. She had faced question‚Ä¶,2018-03-06 16:25:06+00:00,-0.4767,0.077,0.733,0.19
496,nytimes,"Following a string of mass shootings and nationwide calls for gun control in recent weeks, Bumble is banning images‚Ä¶ https://t.co/PTyjUPQ87v",2018-03-06 16:10:04+00:00,-0.34,0.0,0.882,0.118
497,nytimes,Late-Night Roundup: Stephen Colbert went to town on Sam Nunberg's numerous interviews on whether he would comply wi‚Ä¶ https://t.co/eX8T6RKGFa,2018-03-06 16:05:36+00:00,0.0,0.0,1.0,0.0
498,nytimes,"Happy Birthday, Gabriel Garc√≠a M√°rquez.

From December: M√°rquez's literary remains may be in Texas, but a new digit‚Ä¶ https://t.co/Py3fIZ0p2J",2018-03-06 15:55:03+00:00,0.3291,0.121,0.879,0.0
499,nytimes,"If Martin Shkreli can't come up with the $7 million he owes the government, his assets ‚Äîincluding a one-of-a-kind W‚Ä¶ https://t.co/vGvd4PJyxU",2018-03-06 15:40:15+00:00,0.1779,0.082,0.918,0.0
